195,Anne,Adams,aadams5e@merriam-webster.com,Female,190.143.233.99
742,Christopher,Adams,cadamskl@wufoo.com,Male,196.249.33.246
566,Donna,Adams,dadamsfp@nbcnews.com,Female,32.33.49.155
537,Howard,Adams,hadamsew@dailymotion.com,Male,233.63.170.93
140,Anna,Alexander,aalexander3v@blog.com,Female,102.93.245.105
671,Deborah,Alexander,dalexanderim@go.com,Female,153.28.226.134
978,Eugene,Alexander,ealexanderr5@amazon.co.uk,Male,65.18.98.78
246,Heather,Alexander,halexander6t@ftc.gov,Female,122.205.196.93
341,Kathleen,Alexander,kalexander9g@mediafire.com,Female,243.170.41.50
730,Sara,Alexander,salexanderk9@webmd.com,Female,219.199.11.230
448,Andrew,Allen,aallencf@blogs.com,Male,215.237.209.137
393,Ashley,Allen,aallenaw@jalbum.net,Female,138.95.15.122
295,Joan,Allen,jallen86@va.gov,Female,224.179.146.53
618,Theresa,Allen,tallenh5@skype.com,Female,223.41.99.174
700,Doris,Alvarez,dalvarezjf@dyndns.org,Female,133.222.32.79
278,Dorothy,Alvarez,dalvarez7p@sciencedirect.com,Female,25.11.226.228
129,Judith,Alvarez,jalvarez3k@plala.or.jp,Female,170.250.88.5
396,Willie,Alvarez,walvarezaz@hibu.com,Male,85.139.62.103
711,Aaron,Anderson,aandersonjq@ftc.gov,Male,41.216.89.221
276,Christopher,Anderson,canderson7n@studiopress.com,Male,197.228.53.11
334,Julie,Anderson,janderson99@php.net,Female,58.68.214.49
444,Mark,Anderson,mandersoncb@patch.com,Male,210.189.38.190
139,Todd,Anderson,tanderson3u@weather.com,Male,127.164.196.111
760,Sharon,Andrews,sandrewsl3@wiley.com,Female,160.11.181.243
886,Linda,Armstrong,larmstrongol@dailymail.co.uk,Female,75.234.129.25
715,Paul,Armstrong,parmstrongju@cbsnews.com,Male,92.191.198.5
371,Brian,Arnold,barnoldaa@uol.com.br,Male,182.187.124.88
847,Debra,Arnold,darnoldni@apple.com,Female,146.149.55.177
542,Janice,Arnold,jarnoldf1@imageshack.us,Female,216.186.9.124
900,Martha,Arnold,marnoldoz@deviantart.com,Female,57.179.83.158
473,Bruce,Austin,baustind4@addtoany.com,Male,180.123.143.162
910,Ruby,Austin,raustinp9@noaa.gov,Female,187.190.5.215
601,Walter,Austin,waustingo@icq.com,Male,155.0.188.40
6,Roy,Bailey,rbailey5@businessinsider.com,Male,237.141.76.14
581,Benjamin,Baker,bbakerg4@shop-pro.jp,Male,96.179.119.252
840,Craig,Baker,cbakernb@google.es,Male,147.51.240.201
858,Linda,Baker,lbakernt@comcast.net,Female,205.70.226.190
788,Nicholas,Baker,nbakerlv@msn.com,Male,167.123.87.28
626,Cynthia,Banks,cbankshd@360.cn,Female,190.1.152.95
109,Katherine,Banks,kbanks30@furl.net,Female,250.47.161.5
10,Ryan,Banks,rbanks9@nifty.com,Male,160.41.170.211
425,Brenda,Barnes,bbarnesbs@cbslocal.com,Female,23.188.162.119
550,Linda,Barnes,lbarnesf9@dion.ne.jp,Female,34.101.31.98
758,Arthur,Bell,abelll1@mit.edu,Male,82.113.39.127
772,Arthur,Bell,abelllf@seesaa.net,Male,183.96.150.135
1000,Jennifer,Bell,jbellrr@joomla.org,Female,35.231.12.12
561,Mildred,Bennett,mbennettfk@acquirethisname.com,Female,229.71.82.112
551,Ashley,Berry,aberryfa@tiny.cc,Female,140.166.38.47
907,Jose,Berry,jberryp6@epa.gov,Male,119.125.41.170
233,Melissa,Berry,mberry6g@blog.com,Female,77.33.15.62
822,Nicole,Berry,nberrymt@odnoklassniki.ru,Female,128.126.17.250
465,Rose,Berry,rberrycw@seesaa.net,Female,79.114.24.189
597,Amy,Bishop,abishopgk@pcworld.com,Female,31.73.151.1
20,Deborah,Bishop,dbishopj@epa.gov,Female,24.158.183.233
62,Denise,Black,dblack1p@wikispaces.com,Female,78.187.232.52
171,Patricia,Black,pblack4q@ezinearticles.com,Female,81.65.34.107
823,Amanda,Bowman,abowmanmu@google.com.au,Female,61.28.53.169
272,Betty,Bowman,bbowman7j@mit.edu,Female,99.146.117.43
305,Carolyn,Bowman,cbowman8g@cafepress.com,Female,143.222.27.4
360,Jacqueline,Bowman,jbowman9z@mail.ru,Female,10.135.128.180
876,Louis,Bowman,lbowmanob@livejournal.com,Male,204.165.134.200
296,Marie,Bowman,mbowman87@cpanel.net,Female,83.49.28.71
411,Nicole,Bowman,nbowmanbe@mtv.com,Female,162.16.41.99
695,William,Bowman,wbowmanja@theguardian.com,Male,225.20.8.172
761,Donald,Boyd,dboydl4@vk.com,Male,218.180.42.57
871,Evelyn,Boyd,eboydo6@cbsnews.com,Female,236.249.153.136
204,Steven,Boyd,sboyd5n@cnet.com,Male,53.106.224.163
838,Irene,Bradley,ibradleyn9@theglobeandmail.com,Female,72.242.28.242
820,Andrew,Brooks,abrooksmr@spiegel.de,Male,207.85.218.238
842,Melissa,Brooks,mbrooksnd@fema.gov,Female,170.184.58.87
251,Rachel,Brooks,rbrooks6y@google.ru,Female,78.231.174.104
593,Raymond,Brooks,rbrooksgg@angelfire.com,Male,190.14.28.90
286,Sarah,Brooks,sbrooks7x@technorati.com,Female,231.125.61.143
289,Clarence,Brown,cbrown80@mapquest.com,Male,93.184.250.118
848,Paul,Brown,pbrownnj@acquirethisname.com,Male,147.8.102.170
77,Shirley,Brown,sbrown24@cbsnews.com,Female,243.165.5.107
165,Stephen,Brown,sbrown4k@dmoz.org,Male,73.15.223.32
255,Aaron,Bryant,abryant72@tripadvisor.com,Male,102.2.44.47
487,Denise,Bryant,dbryantdi@bluehost.com,Female,205.95.212.131
348,Eugene,Bryant,ebryant9n@surveymonkey.com,Male,80.152.227.106
861,Jason,Bryant,jbryantnw@networkadvertising.org,Male,255.213.147.41
174,Willie,Bryant,wbryant4t@github.io,Male,205.31.79.100
110,Bonnie,Burke,bburke31@google.co.jp,Female,55.210.75.214
459,Douglas,Burke,dburkecq@usa.gov,Male,110.54.178.8
897,Edward,Burke,eburkeow@bizjournals.com,Male,92.122.206.9
123,Julia,Burke,jburke3e@photobucket.com,Female,51.48.203.136
299,Kelly,Burke,kburke8a@taobao.com,Female,192.46.121.231
678,Louis,Burke,lburkeit@comcast.net,Male,98.114.231.92
306,Melissa,Burke,mburke8h@nps.gov,Female,122.180.176.45
355,Ruth,Burke,rburke9u@hao123.com,Female,82.169.100.31
79,Victor,Burke,vburke26@lulu.com,Male,177.123.255.21
418,Ashley,Burns,aburnsbl@mac.com,Female,78.157.121.81
439,Juan,Burns,jburnsc6@wufoo.com,Male,52.165.234.102
354,Nicole,Burns,nburns9t@booking.com,Female,97.212.95.63
668,Gerald,Burton,gburtonij@berkeley.edu,Male,238.226.83.44
291,Louise,Burton,lburton82@oaic.gov.au,Female,48.246.184.232
734,Sandra,Burton,sburtonkd@tuttocitta.it,Female,212.54.85.136
112,Wayne,Burton,wburton33@scientificamerican.com,Male,78.126.131.247
864,Christine,Butler,cbutlernz@cdbaby.com,Female,221.234.89.121
320,Kevin,Butler,kbutler8v@flickr.com,Male,29.166.77.127
799,Stephen,Butler,sbutlerm6@opera.com,Male,231.103.91.196
976,Terry,Butler,tbutlerr3@1688.com,Male,153.27.12.0
23,Wanda,Butler,wbutlerm@taobao.com,Female,13.239.106.218
951,Bobby,Campbell,bcampbellqe@cbslocal.com,Male,252.115.6.131
435,Kimberly,Campbell,kcampbellc2@opensource.org,Female,226.185.194.19
609,Lisa,Campbell,lcampbellgw@weibo.com,Female,167.59.10.250
89,Michael,Campbell,mcampbell2g@walmart.com,Male,82.77.118.62
577,Christina,Carpenter,ccarpenterg0@booking.com,Female,48.27.176.161
724,Jason,Carpenter,jcarpenterk3@123-reg.co.uk,Male,229.254.117.49
441,Johnny,Carpenter,jcarpenterc8@sciencedirect.com,Male,134.60.182.168
676,Kathy,Carpenter,kcarpenterir@ustream.tv,Female,4.23.185.229
74,Paula,Carpenter,pcarpenter21@about.com,Female,222.102.128.40
207,William,Carpenter,wcarpenter5q@nba.com,Male,152.232.75.27
356,Anna,Carr,acarr9v@theguardian.com,Female,140.82.46.46
461,Carolyn,Carr,ccarrcs@geocities.jp,Female,156.34.72.254
586,Jessica,Carr,jcarrg9@hhs.gov,Female,124.155.254.143
631,Mary,Carr,mcarrhi@ihg.com,Female,38.192.218.81
708,Pamela,Carr,pcarrjn@goo.gl,Female,214.95.135.180
173,Donald,Carroll,dcarroll4s@amazon.com,Male,36.145.17.202
572,Clarence,Carter,ccarterfv@salon.com,Male,223.195.143.92
729,Joan,Castillo,jcastillok8@ustream.tv,Female,141.119.112.132
49,Judith,Castillo,jcastillo1c@yellowbook.com,Female,122.46.221.188
660,Walter,Castillo,wcastilloib@example.com,Male,234.148.238.248
918,Cheryl,Chapman,cchapmanph@mapy.cz,Female,18.61.99.179
13,Donald,Chapman,dchapmanc@mail.ru,Male,15.217.8.248
311,Jane,Chapman,jchapman8m@sakura.ne.jp,Female,102.93.19.160
258,Justin,Chapman,jchapman75@amazon.com,Male,24.157.84.105
767,Laura,Chapman,lchapmanla@themeforest.net,Female,10.207.174.240
124,Scott,Chapman,schapman3f@hostgator.com,Male,12.228.192.33
549,Sharon,Chapman,schapmanf8@cloudflare.com,Female,97.113.170.76
318,Shawn,Chapman,schapman8t@blog.com,Male,139.166.97.124
351,Steve,Chapman,schapman9q@spiegel.de,Male,80.7.44.174
920,Theresa,Chapman,tchapmanpj@miibeian.gov.cn,Female,164.240.77.76
496,Carl,Chavez,cchavezdr@seattletimes.com,Male,111.238.235.53
50,Carolyn,Chavez,cchavez1d@buzzfeed.com,Female,231.160.80.6
946,Diane,Chavez,dchavezq9@google.com.br,Female,97.250.62.165
747,Joseph,Chavez,jchavezkq@alibaba.com,Male,110.6.238.38
118,Louise,Chavez,lchavez39@mail.ru,Female,114.234.224.248
532,Charles,Clark,cclarker@salon.com,Male,227.255.164.94
748,Joshua,Clark,jclarkkr@printfriendly.com,Male,157.47.36.177
776,Linda,Clark,lclarklj@dropbox.com,Female,122.165.64.198
225,Robin,Clark,rclark68@wikimedia.org,Female,184.67.210.200
247,Scott,Clark,sclark6u@smh.com.au,Male,243.0.174.255
832,Timothy,Clark,tclarkn3@booking.com,Male,0.231.219.41
388,Frank,Cole,fcolear@clickbank.net,Male,196.3.227.214
479,Howard,Cole,hcoleda@dion.ne.jp,Male,215.75.244.153
253,Brandon,Coleman,bcoleman70@cloudflare.com,Male,67.4.95.35
3,Brenda,Coleman,bcoleman2@europa.eu,Female,69.90.56.163
909,Brian,Coleman,bcolemanp8@oaic.gov.au,Male,209.167.93.145
804,Dorothy,Coleman,dcolemanmb@clickbank.net,Female,198.28.110.164
397,Willie,Coleman,wcolemanb0@freewebs.com,Male,38.136.76.136
322,Melissa,Collins,mcollins8x@forbes.com,Female,48.210.41.213
539,Nicholas,Collins,ncollinsey@sphinn.com,Male,217.211.61.208
108,David,Cook,dcook2z@livejournal.com,Male,167.224.87.17
519,Eric,Cook,ecookee@goo.ne.jp,Male,133.222.38.116
256,Henry,Cook,hcook73@hc360.com,Male,210.132.20.170
464,Kimberly,Cook,kcookcv@yahoo.com,Female,242.129.107.197
824,Marie,Cook,mcookmv@eepurl.com,Female,100.221.248.97
2,Sandra,Cook,scook1@google.com,Female,15.62.196.118
937,George,Cooper,gcooperq0@joomla.org,Male,27.198.237.30
331,Judy,Cooper,jcooper96@tmall.com,Female,82.14.5.165
568,Sarah,Cooper,scooperfr@fda.gov,Female,247.40.28.27
974,Heather,Cox,hcoxr1@paginegialle.it,Female,96.229.138.206
86,Margaret,Cox,mcox2d@mayoclinic.com,Female,188.171.219.179
613,Matthew,Cox,mcoxh0@hexun.com,Male,107.95.72.137
117,Michelle,Cox,mcox38@prnewswire.com,Female,105.158.146.156
636,Brian,Crawford,bcrawfordhn@posterous.com,Male,215.64.228.226
5,Joseph,Crawford,jcrawford4@nih.gov,Male,60.196.220.242
25,Juan,Crawford,jcrawfordo@sfgate.com,Male,9.120.199.209
142,Judy,Crawford,jcrawford3x@nature.com,Female,48.179.199.30
147,Tammy,Crawford,tcrawford42@joomla.org,Female,4.205.77.144
347,Gloria,Cruz,gcruz9m@stumbleupon.com,Female,203.62.26.150
497,Patrick,Cruz,pcruzds@usda.gov,Male,69.83.42.131
472,Ruby,Cruz,rcruzd3@naver.com,Female,96.29.102.224
913,Marie,Cunningham,mcunninghampc@samsung.com,Female,124.111.9.53
495,Howard,Daniels,hdanielsdq@php.net,Male,10.219.94.26
562,Janet,Daniels,jdanielsfl@about.com,Female,75.74.0.72
830,Jesse,Daniels,jdanielsn1@netscape.com,Male,71.11.178.188
988,Judy,Daniels,jdanielsrf@europa.eu,Female,141.125.101.44
210,Angela,Davis,adavis5t@nytimes.com,Female,145.215.100.50
846,Gloria,Davis,gdavisnh@etsy.com,Female,158.22.4.159
509,Irene,Davis,idavise4@yellowbook.com,Female,24.144.196.22
73,Angela,Day,aday20@sphinn.com,Female,74.141.192.228
706,Ann,Day,adayjl@google.com,Female,223.163.43.5
97,Lawrence,Day,lday2o@tripadvisor.com,Male,12.49.124.108
955,Patricia,Day,pdayqi@indiatimes.com,Female,21.53.74.101
962,Ralph,Day,rdayqp@canalblog.com,Male,50.133.128.30
137,Alice,Dean,adean3s@zdnet.com,Female,43.219.40.186
857,Catherine,Dean,cdeanns@reddit.com,Female,119.107.41.101
226,Diana,Dean,ddean69@columbia.edu,Female,9.238.255.149
672,Diana,Dean,ddeanin@histats.com,Female,103.87.5.68
155,Frank,Dean,fdean4a@edublogs.org,Male,202.104.176.98
821,Nancy,Dean,ndeanms@kickstarter.com,Female,208.230.221.142
718,Ryan,Dean,rdeanjx@theguardian.com,Male,71.254.84.244
527,Melissa,Diaz,mdiazem@independent.co.uk,Female,31.76.186.162
960,Annie,Dixon,adixonqn@admin.ch,Female,198.30.165.199
98,Barbara,Dixon,bdixon2p@ebay.co.uk,Female,168.63.122.73
471,Jane,Dixon,jdixond2@blogtalkradio.com,Female,96.129.236.46
43,Stephanie,Dixon,sdixon16@redcross.org,Female,46.138.105.244
76,Sharon,Duncan,sduncan23@spotify.com,Female,203.208.40.0
505,William,Duncan,wduncane0@ustream.tv,Male,75.239.104.182
319,Paul,Dunn,pdunn8u@naver.com,Male,64.116.180.134
437,Tammy,Dunn,tdunnc4@ebay.co.uk,Female,246.255.134.119
570,William,Edwards,wedwardsft@webnode.com,Male,236.221.85.5
201,Angela,Elliott,aelliott5k@fda.gov,Female,210.132.28.0
34,Joyce,Elliott,jelliottx@comcast.net,Female,76.210.161.0
408,Kathy,Elliott,kelliottbb@sohu.com,Female,53.112.77.28
696,Maria,Elliott,melliottjb@tmall.com,Female,146.204.33.213
231,Bonnie,Ellis,bellis6e@cnet.com,Female,217.179.100.29
898,Eugene,Ellis,eellisox@list-manage.com,Male,19.154.70.90
573,Julia,Ellis,jellisfw@phpbb.com,Female,247.149.43.249
957,Karen,Ellis,kellisqk@tamu.edu,Female,14.97.210.173
604,Susan,Ellis,sellisgr@ft.com,Female,150.239.244.195
404,Andrea,Evans,aevansb7@utexas.edu,Female,97.158.71.126
196,Harold,Evans,hevans5f@google.fr,Male,136.187.143.126
800,Jose,Evans,jevansm7@networksolutions.com,Male,180.96.45.38
148,Mary,Evans,mevans43@unblog.fr,Female,76.197.28.100
927,Ralph,Evans,revanspq@digg.com,Male,119.249.180.59
302,Samuel,Evans,sevans8d@harvard.edu,Male,5.68.82.153
84,Bruce,Ferguson,bferguson2b@g.co,Male,30.215.60.77
958,Lori,Ferguson,lfergusonql@pen.io,Female,188.114.197.178
362,Louis,Ferguson,lfergusona1@google.nl,Male,247.76.125.91
346,Ruth,Ferguson,rferguson9l@biblegateway.com,Female,29.93.110.213
126,Steven,Ferguson,sferguson3h@mayoclinic.com,Male,132.107.6.77
798,Benjamin,Fernandez,bfernandezm5@jalbum.net,Male,121.171.229.138
333,Doris,Fernandez,dfernandez98@nps.gov,Female,122.15.127.219
972,Rachel,Fernandez,rfernandezqz@multiply.com,Female,66.6.128.131
621,Tina,Fernandez,tfernandezh8@printfriendly.com,Female,95.26.237.134
328,Chris,Fields,cfields93@myspace.com,Male,83.109.203.46
959,John,Fisher,jfisherqm@senate.gov,Male,205.248.244.217
343,William,Fisher,wfisher9i@prweb.com,Male,243.19.220.219
860,Christine,Flores,cfloresnv@java.com,Female,199.222.169.61
372,Frank,Flores,ffloresab@utexas.edu,Male,147.0.61.244
890,Jack,Flores,jfloresop@github.io,Male,32.194.53.122
385,Paula,Flores,pfloresao@nytimes.com,Female,54.155.95.187
971,Susan,Flores,sfloresqy@about.com,Female,62.254.227.228
450,Carl,Ford,cfordch@sun.com,Male,252.86.61.88
264,Craig,Ford,cford7b@rakuten.co.jp,Male,52.115.33.131
120,Donna,Ford,dford3b@usatoday.com,Female,119.241.235.109
159,Louise,Ford,lford4e@rediff.com,Female,7.238.128.154
892,Paula,Ford,pfordor@reverbnation.com,Female,158.196.229.57
841,Ralph,Ford,rfordnc@yale.edu,Male,157.234.151.217
794,Richard,Ford,rfordm1@abc.net.au,Male,77.1.10.233
751,Steve,Ford,sfordku@redcross.org,Male,161.28.43.219
953,Willie,Ford,wfordqg@businessinsider.com,Male,32.126.60.117
908,Beverly,Foster,bfosterp7@pcworld.com,Female,210.60.245.121
560,Douglas,Foster,dfosterfj@patch.com,Male,187.211.244.253
746,Jennifer,Foster,jfosterkp@epa.gov,Female,146.67.11.225
78,Kevin,Foster,kfoster25@amazon.co.uk,Male,79.126.231.77
217,Shawn,Foster,sfoster60@time.com,Male,37.4.125.151
737,Tina,Foster,tfosterkg@soundcloud.com,Female,255.226.221.244
517,Annie,Fowler,afowlerec@who.int,Female,134.98.121.15
942,Bobby,Fowler,bfowlerq5@google.nl,Male,150.140.199.242
14,Evelyn,Fowler,efowlerd@ucoz.ru,Female,203.219.105.0
442,Julia,Fowler,jfowlerc9@dagondesign.com,Female,106.58.128.129
366,Amanda,Fox,afoxa5@mit.edu,Female,176.107.134.178
143,Billy,Fox,bfox3y@yelp.com,Male,81.107.129.44
240,Julia,Fox,jfox6n@answers.com,Female,57.181.249.2
72,Martin,Fox,mfox1z@addtoany.com,Male,98.200.63.96
739,Robin,Fox,rfoxki@gravatar.com,Female,116.165.165.18
534,Russell,Fox,rfoxet@buzzfeed.com,Male,117.25.206.53
643,Susan,Fox,sfoxhu@homestead.com,Female,103.91.151.27
556,Randy,Franklin,rfranklinff@amazon.co.jp,Male,180.11.97.73
998,Jacqueline,Frazier,jfrazierrp@tiny.cc,Female,83.233.26.56
644,Gloria,Freeman,gfreemanhv@earthlink.net,Female,214.219.89.172
638,Philip,Freeman,pfreemanhp@msn.com,Male,175.180.115.201
557,Roger,Freeman,rfreemanfg@hatena.ne.jp,Male,107.32.253.122
728,Alice,Fuller,afullerk7@rambler.ru,Female,93.160.63.166
227,Kathy,Fuller,kfuller6a@amazon.co.jp,Female,167.228.123.108
669,Anna,Garcia,agarciaik@constantcontact.com,Female,233.233.73.8
423,Harry,Garcia,hgarciabq@surveymonkey.com,Male,42.33.67.104
68,Karen,Garcia,kgarcia1v@aboutads.info,Female,204.140.20.189
395,Louis,Garcia,lgarciaay@fema.gov,Male,135.95.206.76
952,Martin,Garcia,mgarciaqf@hibu.com,Male,146.157.209.135
293,Melissa,Garcia,mgarcia84@is.gd,Female,109.43.130.136
470,Albert,Gardner,agardnerd1@godaddy.com,Male,229.101.195.229
596,Howard,Gardner,hgardnergj@ucoz.ru,Male,30.249.62.231
316,Jean,Gardner,jgardner8r@storify.com,Female,41.5.82.12
466,Joshua,Gardner,jgardnercx@accuweather.com,Male,52.58.224.223
186,Lisa,Gardner,lgardner55@canalblog.com,Female,22.234.48.173
986,Roy,Gardner,rgardnerrd@ucoz.com,Male,207.122.81.9
624,Russell,Gardner,rgardnerhb@rediff.com,Male,102.52.6.77
454,Andrew,Garrett,agarrettcl@ycombinator.com,Male,85.56.111.170
565,Harry,Garrett,hgarrettfo@goo.ne.jp,Male,64.147.157.246
220,Jerry,Garrett,jgarrett63@omniture.com,Male,116.77.78.180
259,Kimberly,Garrett,kgarrett76@home.pl,Female,6.238.149.139
611,Gregory,Garza,ggarzagy@istockphoto.com,Male,105.130.19.169
368,Joyce,Garza,jgarzaa7@merriam-webster.com,Female,30.84.9.148
677,Julia,Garza,jgarzais@elpais.com,Female,18.213.174.197
60,Steven,Garza,sgarza1n@myspace.com,Male,26.73.93.26
606,Albert,George,ageorgegt@creativecommons.org,Male,26.41.219.162
982,Jeremy,George,jgeorger9@webmd.com,Male,232.122.210.188
357,Judith,George,jgeorge9w@cocolog-nifty.com,Female,34.21.194.33
192,Justin,George,jgeorge5b@addtoany.com,Male,54.197.230.245
514,Pamela,George,pgeorgee9@ucoz.ru,Female,100.14.4.22
243,Sean,George,sgeorge6q@eventbrite.com,Male,159.37.100.255
93,Todd,George,tgeorge2k@storify.com,Male,72.34.194.127
154,Diane,Gibson,dgibson49@zimbio.com,Female,11.64.38.172
236,Rachel,Gibson,rgibson6j@cnbc.com,Female,95.2.238.109
634,Barbara,Gilbert,bgilberthl@wikimedia.org,Female,234.201.232.117
205,Marilyn,Gilbert,mgilbert5o@homestead.com,Female,150.68.21.129
853,Nancy,Gilbert,ngilbertno@netvibes.com,Female,66.62.170.62
863,Ralph,Gilbert,rgilbertny@hexun.com,Male,229.102.243.248
61,Tina,Gilbert,tgilbert1o@bbc.co.uk,Female,49.138.111.97
297,Angela,Gomez,agomez88@blogger.com,Female,166.118.107.99
428,Angela,Gomez,agomezbv@phoca.cz,Female,133.18.63.124
685,Angela,Gomez,agomezj0@bandcamp.com,Female,85.229.140.25
605,Ashley,Gomez,agomezgs@businesswire.com,Female,212.0.1.89
4,Donald,Gomez,dgomez3@webnode.com,Male,222.207.184.170
265,Shawn,Gomez,sgomez7c@gizmodo.com,Male,48.67.103.86
680,Howard,Gonzales,hgonzalesiv@flickr.com,Male,33.164.26.89
9,Mary,Gonzales,mgonzales8@goo.gl,Female,252.135.35.73
125,Paula,Gonzales,pgonzales3g@kickstarter.com,Female,170.106.27.119
928,Steven,Gonzales,sgonzalespr@pinterest.com,Male,115.247.80.92
261,William,Gonzales,wgonzales78@blogspot.com,Male,145.41.161.253
854,Benjamin,Gonzalez,bgonzaleznp@unesco.org,Male,219.126.143.157
419,Ernest,Gonzalez,egonzalezbm@canalblog.com,Male,160.141.158.52
386,Brian,Gordon,bgordonap@amazon.com,Male,252.218.59.144
406,Kelly,Gordon,kgordonb9@delicious.com,Female,13.65.43.108
522,Marie,Gordon,mgordoneh@ovh.net,Female,236.217.125.230
307,Angela,Graham,agraham8i@cbsnews.com,Female,27.173.78.250
576,Ann,Graham,agrahamfz@rediff.com,Female,91.223.19.24
273,Douglas,Graham,dgraham7k@whitehouse.gov,Male,244.72.177.244
301,Gerald,Graham,ggraham8c@zimbio.com,Male,59.37.179.75
15,Melissa,Graham,mgrahame@constantcontact.com,Female,221.14.98.173
81,Helen,Grant,hgrant28@prnewswire.com,Female,10.140.130.65
352,Nicole,Grant,ngrant9r@google.ca,Female,31.16.58.58
238,Roy,Grant,rgrant6l@discuz.net,Male,222.86.129.215
777,Andrea,Gray,agraylk@businesswire.com,Female,108.9.168.153
353,Brenda,Gray,bgray9s@wunderground.com,Female,63.18.174.193
912,Doris,Gray,dgraypb@theglobeandmail.com,Female,246.113.118.60
67,Dorothy,Gray,dgray1u@addthis.com,Female,106.33.198.155
763,Dorothy,Gray,dgrayl6@blinklist.com,Female,199.215.201.81
681,Russell,Gray,rgrayiw@msn.com,Male,200.160.226.250
8,Edward,Green,egreen7@techcrunch.com,Male,80.203.170.62
28,Shawn,Greene,sgreener@nsw.gov.au,Male,180.55.75.124
614,Maria,Griffin,mgriffinh1@livejournal.com,Female,170.29.31.181
325,Brian,Gutierrez,bgutierrez90@cam.ac.uk,Male,183.242.178.199
528,Daniel,Gutierrez,dgutierrezen@jimdo.com,Male,114.71.183.45
369,Eric,Gutierrez,egutierreza8@addthis.com,Male,214.226.83.80
580,Lawrence,Gutierrez,lgutierrezg3@g.co,Male,65.106.76.169
478,Paula,Gutierrez,pgutierrezd9@facebook.com,Female,94.169.100.236
817,Stephen,Hall,shallmo@cam.ac.uk,Male,52.210.39.73
51,Willie,Hamilton,whamilton1e@dyndns.org,Male,161.82.179.0
281,Kimberly,Hansen,khansen7s@alexa.com,Female,89.168.217.234
414,Mark,Hansen,mhansenbh@mail.ru,Male,186.3.68.158
503,Andrea,Hanson,ahansondy@epa.gov,Female,135.205.3.227
559,Catherine,Hanson,chansonfi@simplemachines.org,Female,128.220.209.240
649,Johnny,Hanson,jhansoni0@latimes.com,Male,87.213.169.2
516,Jonathan,Hanson,jhansoneb@huffingtonpost.com,Male,128.201.176.231
474,Julia,Hanson,jhansond5@usa.gov,Female,90.5.195.218
650,Roger,Hanson,rhansoni1@diigo.com,Male,245.134.228.158
33,Sarah,Hanson,shansonw@smugmug.com,Female,26.210.37.150
582,Antonio,Harper,aharperg5@virginia.edu,Male,139.187.17.158
921,Carolyn,Harper,charperpk@gnu.org,Female,104.58.44.50
135,Jason,Harper,jharper3q@about.me,Male,89.176.208.114
80,Philip,Harper,pharper27@google.de,Male,69.8.22.162
803,Anna,Harris,aharrisma@google.com.br,Female,127.107.116.221
183,Barbara,Harris,bharris52@reference.com,Female,223.229.53.249
35,Benjamin,Harris,bharrisy@dedecms.com,Male,82.62.21.135
733,Carol,Harris,charriskc@cnet.com,Female,250.132.143.222
75,Earl,Harris,eharris22@mysql.com,Male,85.223.191.79
521,Helen,Harris,hharriseg@sciencedaily.com,Female,168.96.46.172
926,Heather,Harrison,hharrisonpp@twitter.com,Female,78.107.188.237
709,Jack,Harrison,jharrisonjo@mac.com,Male,216.106.99.203
104,Kathy,Harrison,kharrison2v@mapy.cz,Female,242.98.87.161
954,Wanda,Harrison,wharrisonqh@harvard.edu,Female,8.99.69.10
802,Gary,Hart,ghartm9@sphinn.com,Male,57.130.162.177
114,Kenneth,Hart,khart35@chron.com,Male,38.184.98.164
468,Peter,Hart,phartcz@scribd.com,Male,96.168.131.250
707,Sandra,Hart,shartjm@toplist.cz,Female,71.224.206.205
546,Betty,Harvey,bharveyf5@nhs.uk,Female,12.74.120.196
642,Diane,Harvey,dharveyht@sogou.com,Female,106.128.137.153
415,Gloria,Harvey,gharveybi@pinterest.com,Female,21.239.40.183
179,Joyce,Harvey,jharvey4y@tuttocitta.it,Female,60.232.83.32
70,Kelly,Harvey,kharvey1x@ihg.com,Female,24.20.148.163
875,Barbara,Hawkins,bhawkinsoa@alexa.com,Female,34.43.128.6
282,Brenda,Hawkins,bhawkins7t@wisc.edu,Female,86.48.50.26
266,Michael,Hawkins,mhawkins7d@digg.com,Male,59.75.108.129
584,Sharon,Hawkins,shawkinsg7@barnesandnoble.com,Female,62.128.152.222
689,Terry,Hawkins,thawkinsj4@yale.edu,Male,47.192.138.126
335,Amy,Hayes,ahayes9a@uiuc.edu,Female,78.90.208.57
994,Andrew,Hayes,ahayesrl@unblog.fr,Male,127.245.195.36
623,Annie,Hayes,ahayesha@hc360.com,Female,156.179.134.121
881,Barbara,Hayes,bhayesog@auda.org.au,Female,132.167.226.1
66,Christina,Hayes,chayes1t@nytimes.com,Female,218.192.43.67
766,Jennifer,Hayes,jhayesl9@nytimes.com,Female,41.159.93.169
607,Rose,Hayes,rhayesgu@wikipedia.org,Female,2.251.31.81
693,Sara,Henderson,shendersonj8@biblegateway.com,Female,248.40.61.57
413,Jessica,Henry,jhenrybg@163.com,Female,215.172.102.205
451,Kathleen,Henry,khenryci@meetup.com,Female,129.175.72.43
999,Martin,Henry,mhenryrq@cnet.com,Male,141.180.225.230
591,Peter,Henry,phenryge@opera.com,Male,148.72.113.180
990,Thomas,Henry,thenryrh@e-recht24.de,Male,94.159.251.197
765,Christopher,Hernandez,chernandezl8@globo.com,Male,217.166.141.237
83,Diana,Hernandez,dhernandez2a@qq.com,Female,34.244.228.179
793,Frank,Hernandez,fhernandezm0@marriott.com,Male,234.140.158.225
285,Kevin,Hernandez,khernandez7w@multiply.com,Male,59.90.190.189
244,Shirley,Hernandez,shernandez6r@dropbox.com,Female,223.35.76.169
917,Angela,Hicks,ahickspg@about.com,Female,14.128.44.200
656,Jacqueline,Hicks,jhicksi7@go.com,Female,104.152.211.46
801,Keith,Hicks,khicksm8@booking.com,Male,118.83.65.51
662,Sean,Hicks,shicksid@fastcompany.com,Male,97.34.3.63
321,Andrea,Hill,ahill8w@liveinternet.ru,Female,126.149.176.162
896,Jessica,Hill,jhillov@storify.com,Female,4.198.160.17
552,Larry,Hill,lhillfb@youtube.com,Male,90.253.196.102
121,Nancy,Hill,nhill3c@elpais.com,Female,185.1.147.159
460,Paula,Hill,phillcr@123-reg.co.uk,Female,8.123.117.129
384,Rebecca,Hill,rhillan@sun.com,Female,239.7.118.22
374,Martin,Holmes,mholmesad@tuttocitta.it,Male,134.13.173.161
940,Rebecca,Holmes,rholmesq3@so-net.ne.jp,Female,155.122.126.19
277,Marilyn,Howard,mhoward7o@sogou.com,Female,129.160.29.192
963,Susan,Howard,showardqq@google.cn,Female,116.181.132.12
697,Walter,Howard,whowardjc@homestead.com,Male,198.194.176.159
249,Chris,Howell,chowell6w@un.org,Male,56.156.9.41
722,Diane,Howell,dhowellk1@biblegateway.com,Female,180.234.1.252
469,Jose,Howell,jhowelld0@samsung.com,Male,125.78.54.129
827,Joshua,Howell,jhowellmy@businesswire.com,Male,224.92.30.215
457,Julie,Howell,jhowellco@ameblo.jp,Female,222.155.19.252
923,Richard,Howell,rhowellpm@google.ru,Male,250.84.122.136
569,Tina,Howell,thowellfs@symantec.com,Female,162.211.142.14
19,Amanda,Hudson,ahudsoni@telegraph.co.uk,Female,243.75.154.146
310,Bonnie,Hudson,bhudson8l@icio.us,Female,86.174.62.142
426,Frances,Hudson,fhudsonbt@forbes.com,Female,237.101.94.255
633,Janet,Hudson,jhudsonhk@com.com,Female,20.195.152.180
32,Virginia,Hudson,vhudsonv@google.com,Female,200.255.159.244
564,Betty,Hughes,bhughesfn@dailymotion.com,Female,81.170.0.248
663,Frank,Hughes,fhughesie@goo.ne.jp,Male,33.240.73.9
588,Judith,Hughes,jhughesgb@alexa.com,Female,105.194.1.175
882,Kathryn,Hughes,khughesoh@adobe.com,Female,202.177.107.52
344,Rose,Hughes,rhughes9j@wp.com,Female,55.28.0.203
99,Peter,Hunt,phunt2q@bigcartel.com,Male,128.49.72.134
991,Frank,Hunter,fhunterri@vk.com,Male,132.126.55.233
498,Patricia,Hunter,phunterdt@newsvine.com,Female,74.197.13.169
248,Dorothy,Jackson,djackson6v@irs.gov,Female,16.28.137.38
949,Robert,Jackson,rjacksonqc@newyorker.com,Male,55.72.192.8
189,Susan,Jackson,sjackson58@technorati.com,Female,130.209.142.152
223,Adam,Jacobs,ajacobs66@amazon.co.jp,Male,241.9.231.149
39,Debra,James,djames12@businessweek.com,Female,228.125.212.26
433,Fred,James,fjamesc0@moonfruit.com,Male,44.126.140.141
45,Lois,James,ljames18@twitpic.com,Female,87.84.78.156
726,Randy,James,rjamesk5@privacy.gov.au,Male,65.0.172.193
245,Steve,James,sjames6s@sciencedaily.com,Male,39.215.82.211
992,Wanda,James,wjamesrj@wordpress.com,Female,160.154.142.9
128,Kathryn,Jenkins,kjenkins3j@goo.gl,Female,58.183.144.50
235,Sarah,Jenkins,sjenkins6i@senate.gov,Female,17.215.159.63
260,Bonnie,Johnson,bjohnson77@bing.com,Female,235.122.122.27
54,Dennis,Johnson,djohnson1h@elegantthemes.com,Male,219.249.168.102
806,Jack,Johnson,jjohnsonmd@dion.ne.jp,Male,78.62.160.204
30,James,Johnson,jjohnsont@unicef.org,Male,45.64.15.152
753,Louise,Johnson,ljohnsonkw@newyorker.com,Female,212.26.153.238
809,Todd,Johnston,tjohnstonmg@nature.com,Male,21.39.98.179
53,Gary,Jones,gjones1g@hugedomains.com,Male,51.124.125.99
105,George,Jones,gjones2w@com.com,Male,240.116.132.156
215,Johnny,Jones,jjones5y@wiley.com,Male,123.84.122.116
975,Kimberly,Jones,kjonesr2@godaddy.com,Female,114.28.6.245
796,Paula,Jones,pjonesm3@arizona.edu,Female,165.186.127.226
657,Roger,Jones,rjonesi8@bravesites.com,Male,209.51.183.79
287,Rose,Jones,rjones7y@virginia.edu,Female,245.176.127.19
513,Roy,Jones,rjonese8@vk.com,Male,93.4.240.159
985,Karen,Jordan,kjordanrc@hud.gov,Female,105.148.208.112
987,Ann,Kelley,akelleyre@gmpg.org,Female,108.135.115.77
182,Christopher,Kelley,ckelley51@ameblo.jp,Male,195.182.137.173
202,Deborah,Kelley,dkelley5l@huffingtonpost.com,Female,139.21.199.142
193,Linda,Kelley,lkelley5c@wisc.edu,Female,12.77.107.4
213,Roger,Kelley,rkelley5w@sohu.com,Male,71.157.91.109
698,William,Kelley,wkelleyjd@sogou.com,Male,127.65.224.148
485,Gary,Kelly,gkellydg@webnode.com,Male,125.158.219.139
687,Jacqueline,Kelly,jkellyj2@paginegialle.it,Female,84.71.118.170
868,Janice,Kelly,jkellyo3@accuweather.com,Female,52.205.161.139
515,Kathryn,Kelly,kkellyea@csmonitor.com,Female,36.148.50.231
91,Larry,Kelly,lkelly2i@cbc.ca,Male,253.111.79.139
666,Lawrence,Kelly,lkellyih@google.nl,Male,63.51.212.245
399,Sandra,Kelly,skellyb2@ca.gov,Female,225.63.80.149
531,Theresa,Kelly,tkellyeq@msn.com,Female,255.164.31.177
916,Carlos,Kennedy,ckennedypf@is.gd,Male,121.216.17.216
701,Ruth,Kennedy,rkennedyjg@dyndns.org,Female,211.125.112.131
997,Terry,Kennedy,tkennedyro@quantcast.com,Male,187.209.100.31
398,Todd,Kennedy,tkennedyb1@noaa.gov,Male,41.90.141.4
646,Evelyn,Kim,ekimhx@amazonaws.com,Female,3.201.249.110
720,Gerald,Kim,gkimjz@jimdo.com,Male,159.100.247.193
867,Henry,Kim,hkimo2@1688.com,Male,193.111.179.18
786,Margaret,Kim,mkimlt@hostgator.com,Female,24.177.47.31
757,Timothy,Kim,tkiml0@ezinearticles.com,Male,144.32.23.245
304,Adam,King,aking8f@blogger.com,Male,46.10.40.130
402,Kevin,King,kkingb5@guardian.co.uk,Male,155.101.152.185
647,Bonnie,Knight,bknighthy@wikispaces.com,Female,120.124.135.12
410,Harry,Knight,hknightbd@dailymotion.com,Male,202.186.13.22
968,Adam,Lane,alaneqv@usgs.gov,Male,24.101.123.237
869,Angela,Lane,alaneo4@mac.com,Female,198.32.2.179
390,Anthony,Lane,alaneat@nps.gov,Male,145.55.240.222
652,Emily,Lane,elanei3@g.co,Female,151.254.244.2
792,Jack,Lane,jlanelz@webeden.co.uk,Male,84.151.10.63
92,Justin,Lane,jlane2j@nih.gov,Male,248.220.26.33
873,Harry,Larson,hlarsono8@howstuffworks.com,Male,1.243.197.4
224,Kevin,Larson,klarson67@globo.com,Male,207.114.36.219
508,Amanda,Lawrence,alawrencee3@simplemachines.org,Female,12.209.181.206
585,Beverly,Lawrence,blawrenceg8@posterous.com,Female,253.109.84.75
785,Judith,Lawson,jlawsonls@psu.edu,Female,214.230.195.247
692,Mary,Lawson,mlawsonj7@flavors.me,Female,94.42.198.92
535,Patrick,Lawson,plawsoneu@apple.com,Male,208.100.82.139
617,Rose,Lawson,rlawsonh4@wikispaces.com,Female,87.6.39.142
445,Teresa,Lawson,tlawsoncc@cnbc.com,Female,89.233.86.1
891,Louis,Lee,lleeoq@harvard.edu,Male,114.70.212.108
400,Nicole,Lee,nleeb3@artisteer.com,Female,117.209.42.182
523,Pamela,Lee,pleeei@tiny.cc,Female,242.60.62.236
381,Philip,Lee,pleeak@cbslocal.com,Male,53.217.113.102
770,Russell,Lee,rleeld@networkadvertising.org,Male,68.145.166.17
270,Jean,Lewis,jlewis7h@ucoz.ru,Female,229.42.55.75
375,Jimmy,Lewis,jlewisae@noaa.gov,Male,76.120.5.117
655,Kathleen,Lewis,klewisi6@blogger.com,Female,32.252.211.198
47,Laura,Lewis,llewis1a@biblegateway.com,Female,249.155.0.40
741,Wanda,Lewis,wlewiskk@go.com,Female,98.148.237.125
327,Alan,Little,alittle92@weather.com,Male,210.214.225.187
373,Ann,Little,alittleac@spotify.com,Female,35.7.157.232
865,Lawrence,Little,llittleo0@google.nl,Male,24.196.114.15
598,Doris,Long,dlonggl@upenn.edu,Female,230.63.205.203
194,Shawn,Long,slong5d@smugmug.com,Male,71.220.235.166
12,Albert,Lopez,alopezb@scribd.com,Male,229.71.26.90
280,Diana,Lopez,dlopez7r@nydailynews.com,Female,134.205.44.41
324,Thomas,Lopez,tlopez8z@timesonline.co.uk,Male,205.204.114.240
96,Daniel,Lynch,dlynch2n@netvibes.com,Male,91.47.236.194
18,Joe,Lynch,jlynchh@woothemes.com,Male,135.113.219.52
232,Joe,Lynch,jlynch6f@sohu.com,Male,3.86.149.253
401,Phillip,Lynch,plynchb4@techcrunch.com,Male,67.52.104.55
600,Beverly,Marshall,bmarshallgn@un.org,Female,55.105.232.83
977,Donna,Marshall,dmarshallr4@pbs.org,Female,108.134.175.183
749,Dorothy,Marshall,dmarshallks@nsw.gov.au,Female,136.189.232.132
275,Nicole,Marshall,nmarshall7m@timesonline.co.uk,Female,148.168.60.236
922,Wanda,Marshall,wmarshallpl@google.co.uk,Female,189.31.2.166
771,Ann,Martin,amartinle@github.com,Female,161.89.105.241
702,Donald,Martin,dmartinjh@wix.com,Male,90.189.61.244
391,Jonathan,Martin,jmartinau@hud.gov,Male,124.92.82.95
651,Phillip,Martin,pmartini2@scientificamerican.com,Male,217.193.254.63
229,Wayne,Martin,wmartin6c@si.edu,Male,178.40.129.16
136,Barbara,Martinez,bmartinez3r@nature.com,Female,200.188.197.175
449,Ernest,Martinez,emartinezcg@mail.ru,Male,86.151.117.20
852,Jane,Martinez,jmartineznn@blogtalkradio.com,Female,129.117.214.228
481,Janet,Martinez,jmartinezdc@nyu.edu,Female,143.138.102.205
810,Jimmy,Martinez,jmartinezmh@diigo.com,Male,213.220.227.206
704,Kevin,Martinez,kmartinezjj@mail.ru,Male,167.62.247.246
790,Kimberly,Martinez,kmartinezlx@skyrock.com,Female,250.69.139.130
221,Marilyn,Martinez,mmartinez64@apple.com,Female,115.151.0.115
574,Martin,Martinez,mmartinezfx@hud.gov,Male,249.255.5.29
648,Michael,Martinez,mmartinezhz@usa.gov,Male,87.199.71.140
168,Sharon,Martinez,smartinez4n@java.com,Female,113.43.112.251
294,Willie,Martinez,wmartinez85@ifeng.com,Male,178.163.40.202
101,Brian,Mason,bmason2s@wp.com,Male,90.248.241.83
394,Dorothy,Mason,dmasonax@imgur.com,Female,70.57.32.33
161,Roger,Mason,rmason4g@last.fm,Male,206.145.182.52
779,Kenneth,Matthews,kmatthewslm@mediafire.com,Male,254.198.213.222
156,Ernest,Mccoy,emccoy4b@php.net,Male,135.63.229.42
540,Phillip,Mccoy,pmccoyez@ucoz.ru,Male,146.51.162.5
612,Aaron,Mcdonald,amcdonaldgz@paginegialle.it,Male,118.127.41.227
615,Brenda,Mcdonald,bmcdonaldh2@shutterfly.com,Female,164.69.251.148
164,Gary,Mcdonald,gmcdonald4j@purevolume.com,Male,35.98.216.217
791,Jane,Mcdonald,jmcdonaldly@fastcompany.com,Female,174.51.191.38
339,Jeffrey,Mcdonald,jmcdonald9e@mit.edu,Male,145.49.41.112
218,Nicholas,Mcdonald,nmcdonald61@istockphoto.com,Male,214.69.152.89
175,Shirley,Mcdonald,smcdonald4u@java.com,Female,115.83.124.158
122,Todd,Mcdonald,tmcdonald3d@ucla.edu,Male,37.87.15.3
543,Joan,Medina,jmedinaf2@wp.com,Female,75.170.83.39
533,Joshua,Medina,jmedinaes@altervista.org,Male,132.252.251.110
64,Nancy,Medina,nmedina1r@smh.com.au,Female,77.14.101.19
935,Antonio,Mendoza,amendozapy@hud.gov,Male,248.192.42.240
443,Catherine,Mendoza,cmendozaca@tmall.com,Female,110.225.208.42
845,Evelyn,Mendoza,emendozang@fastcompany.com,Female,121.63.53.108
837,Kevin,Mendoza,kmendozan8@ibm.com,Male,237.47.246.80
879,Roy,Mendoza,rmendozaoe@facebook.com,Male,107.222.217.31
628,Dennis,Meyer,dmeyerhf@google.com.br,Male,194.31.13.41
520,John,Meyer,jmeyeref@ask.com,Male,126.47.189.245
849,Sara,Meyer,smeyernk@baidu.com,Female,212.44.119.5
41,Shirley,Meyer,smeyer14@e-recht24.de,Female,2.241.17.13
88,Michael,Miller,mmiller2f@jimdo.com,Male,204.48.197.216
365,Patrick,Miller,pmillera4@typepad.com,Male,201.252.116.238
888,Samuel,Miller,smilleron@lulu.com,Male,43.228.62.195
931,Barbara,Mills,bmillspu@zimbio.com,Female,197.3.51.104
507,Harry,Mills,hmillse2@tamu.edu,Male,153.29.0.39
743,Harry,Mills,hmillskm@wikipedia.org,Male,174.214.95.89
367,Jessica,Mills,jmillsa6@weather.com,Female,214.90.208.108
337,Katherine,Mills,kmills9c@theguardian.com,Female,27.18.76.255
169,Sara,Mitchell,smitchell4o@blogspot.com,Female,223.254.196.148
358,Steven,Mitchell,smitchell9x@acquirethisname.com,Male,184.67.237.135
934,Todd,Mitchell,tmitchellpx@elpais.com,Male,10.106.3.162
819,Adam,Montgomery,amontgomerymq@etsy.com,Male,189.49.34.76
170,Anthony,Montgomery,amontgomery4p@yolasite.com,Male,196.232.236.234
288,Diana,Montgomery,dmontgomery7z@xrea.com,Female,233.214.92.231
759,Jeffrey,Montgomery,jmontgomeryl2@cmu.edu,Male,7.160.58.142
180,Jimmy,Montgomery,jmontgomery4z@google.com.au,Male,126.103.208.37
836,Sarah,Montgomery,smontgomeryn7@pen.io,Female,28.60.43.196
587,Sharon,Montgomery,smontgomeryga@elegantthemes.com,Female,109.221.50.240
290,Joshua,Moore,jmoore81@cloudflare.com,Male,166.183.245.32
40,Pamela,Moore,pmoore13@fastcompany.com,Female,186.32.236.219
973,Rose,Moore,rmoorer0@yolasite.com,Female,69.196.175.106
106,Ann,Morales,amorales2x@rakuten.co.jp,Female,2.85.227.166
919,Deborah,Morales,dmoralespi@ed.gov,Female,226.145.248.159
370,Phillip,Morales,pmoralesa9@wordpress.com,Male,180.196.225.178
744,Richard,Morales,rmoraleskn@businessinsider.com,Male,28.83.53.240
682,Tammy,Morales,tmoralesix@cmu.edu,Female,117.5.55.220
208,Joyce,Moreno,jmoreno5r@plala.or.jp,Female,163.4.168.46
688,Ann,Morgan,amorganj3@rakuten.co.jp,Female,201.106.250.48
212,Annie,Morgan,amorgan5v@ustream.tv,Female,7.205.43.20
268,Dennis,Morgan,dmorgan7f@newyorker.com,Male,231.151.230.56
160,Donald,Morgan,dmorgan4f@japanpost.jp,Male,84.102.57.16
783,Scott,Morgan,smorganlq@bloomberg.com,Male,190.11.188.60
130,Steve,Morgan,smorgan3l@google.fr,Male,156.92.56.51
635,Joe,Morris,jmorrishm@xing.com,Male,87.173.48.75
488,Juan,Morris,jmorrisdj@de.vu,Male,212.16.18.140
782,Raymond,Morris,rmorrislp@homestead.com,Male,131.173.148.68
323,Tammy,Morris,tmorris8y@timesonline.co.uk,Female,98.170.27.28
133,Alice,Morrison,amorrison3o@dyndns.org,Female,40.136.182.201
456,Donna,Morrison,dmorrisoncn@google.de,Female,21.125.210.38
27,Jose,Morrison,jmorrisonq@yandex.ru,Male,145.166.112.13
797,Nancy,Morrison,nmorrisonm4@sun.com,Female,14.219.253.1
850,Sharon,Morrison,smorrisonnl@auda.org.au,Female,227.130.1.50
458,Alan,Murphy,amurphycp@chicagotribune.com,Male,69.141.153.215
176,Carl,Murphy,cmurphy4v@furl.net,Male,245.144.253.83
36,Sandra,Murphy,smurphyz@freewebs.com,Female,234.220.57.120
177,Evelyn,Murray,emurray4w@multiply.com,Female,255.47.143.115
851,Kenneth,Murray,kmurraynm@homestead.com,Male,44.71.169.212
784,Michael,Murray,mmurraylr@usnews.com,Male,106.33.79.105
250,Ralph,Murray,rmurray6x@illinois.edu,Male,59.35.235.141
602,Barbara,Myers,bmyersgp@hhs.gov,Female,154.133.233.135
941,Joyce,Myers,jmyersq4@comcast.net,Female,60.242.20.204
242,Lillian,Myers,lmyers6p@sourceforge.net,Female,199.47.96.22
216,Mildred,Myers,mmyers5z@icio.us,Female,221.152.232.193
203,Sarah,Myers,smyers5m@alexa.com,Female,103.184.249.161
492,Arthur,Nelson,anelsondn@europa.eu,Male,102.235.203.30
141,Billy,Nelson,bnelson3w@sphinn.com,Male,175.36.159.199
625,Diane,Nelson,dnelsonhc@foxnews.com,Female,132.157.168.139
149,Frances,Nelson,fnelson44@usda.gov,Female,65.247.8.137
750,Ryan,Nelson,rnelsonkt@php.net,Male,77.44.169.43
885,Andrea,Nguyen,anguyenok@phpbb.com,Female,17.94.71.9
877,Charles,Nguyen,cnguyenoc@hibu.com,Male,200.69.171.57
738,Janice,Nguyen,jnguyenkh@facebook.com,Female,203.66.73.230
94,Daniel,Nichols,dnichols2l@nytimes.com,Male,209.25.15.193
683,Martin,Nichols,mnicholsiy@time.com,Male,211.96.249.241
181,Thomas,Nichols,tnichols50@yandex.ru,Male,182.195.209.83
134,Harry,Oliver,holiver3p@nhs.uk,Male,160.246.161.82
326,Jeffrey,Oliver,joliver91@businessweek.com,Male,240.238.19.38
329,Norma,Oliver,noliver94@bizjournals.com,Female,235.34.127.7
675,Norma,Oliver,noliveriq@nationalgeographic.com,Female,115.161.197.19
420,Clarence,Olson,colsonbn@tmall.com,Male,17.131.99.253
630,Gary,Olson,golsonhh@yellowpages.com,Male,73.245.195.178
831,Janice,Olson,jolsonn2@yellowbook.com,Female,241.201.39.47
717,Philip,Olson,polsonjw@altervista.org,Male,99.39.97.219
554,Steve,Olson,solsonfd@amazonaws.com,Male,19.0.248.138
713,Brandon,Ortiz,bortizjs@bravesites.com,Male,244.101.24.0
312,Henry,Ortiz,hortiz8n@nba.com,Male,190.21.141.142
462,Irene,Ortiz,iortizct@godaddy.com,Female,157.224.132.5
592,Lisa,Ortiz,lortizgf@scribd.com,Female,207.20.59.10
424,Phyllis,Ortiz,portizbr@qq.com,Female,227.8.231.246
727,Scott,Ortiz,sortizk6@icq.com,Male,160.163.31.96
379,Carl,Owens,cowensai@phoca.cz,Male,186.68.193.61
190,Diane,Owens,dowens59@msu.edu,Female,134.161.221.238
661,James,Owens,jowensic@51.la,Male,119.250.32.139
493,Keith,Owens,kowensdo@unicef.org,Male,252.74.47.167
438,Roger,Owens,rowensc5@youku.com,Male,109.193.6.86
340,William,Owens,wowens9f@twitter.com,Male,143.159.40.252
29,Larry,Palmer,lpalmers@slideshare.net,Male,239.91.145.32
131,Marie,Palmer,mpalmer3m@simplemachines.org,Female,109.30.30.93
102,Robert,Palmer,rpalmer2t@domainmarket.com,Male,173.239.161.69
167,Adam,Parker,aparker4m@posterous.com,Male,202.164.205.133
929,Harry,Parker,hparkerps@techcrunch.com,Male,33.114.7.204
956,Heather,Parker,hparkerqj@loc.gov,Female,186.255.39.83
447,Judith,Parker,jparkerce@home.pl,Female,117.32.234.222
880,Margaret,Patterson,mpattersonof@zimbio.com,Female,49.99.92.250
872,Anthony,Payne,apayneo7@walmart.com,Male,207.186.148.235
950,Stephanie,Payne,spayneqd@github.io,Female,187.111.123.85
815,Alice,Perez,aperezmm@reverbnation.com,Female,220.77.200.7
21,Carl,Perez,cperezk@ucsd.edu,Male,252.247.66.123
484,Ernest,Perez,eperezdf@twitter.com,Male,79.135.71.201
563,Judith,Perez,jperezfm@telegraph.co.uk,Female,193.10.226.200
674,Matthew,Perez,mperezip@chicagotribune.com,Male,247.184.157.9
947,Nancy,Perez,nperezqa@nationalgeographic.com,Female,233.123.171.161
44,Sharon,Perez,sperez17@icio.us,Female,188.0.78.169
619,Edward,Perkins,eperkinsh6@g.co,Male,220.195.238.237
403,Mark,Perkins,mperkinsb6@eventbrite.com,Male,142.66.207.149
436,Philip,Perkins,pperkinsc3@parallels.com,Male,83.80.172.114
63,Sara,Perkins,sperkins1q@comsenz.com,Female,184.167.227.23
463,Alice,Perry,aperrycu@nydailynews.com,Female,197.133.153.42
314,Antonio,Perry,aperry8p@sina.com.cn,Male,142.252.51.244
380,Phillip,Perry,pperryaj@amazon.co.uk,Male,226.243.140.163
198,William,Perry,wperry5h@ehow.com,Male,237.135.155.159
22,Alan,Peters,apetersl@amazonaws.com,Male,247.211.21.103
899,Andrew,Peters,apetersoy@merriam-webster.com,Male,240.125.88.5
279,Kimberly,Peters,kpeters7q@google.ru,Female,192.140.235.18
653,Lillian,Peters,lpetersi4@networkadvertising.org,Female,43.16.68.214
930,Patrick,Peters,ppeterspt@home.pl,Male,113.54.153.219
359,Douglas,Peterson,dpeterson9y@dyndns.org,Male,95.157.105.38
632,Judith,Peterson,jpetersonhj@exblog.jp,Female,245.207.223.225
71,Scott,Peterson,speterson1y@amazon.com,Male,58.252.218.122
740,Bruce,Phillips,bphillipskj@independent.co.uk,Male,235.163.1.80
735,Eric,Phillips,ephillipske@mashable.com,Male,172.231.54.58
300,Jimmy,Phillips,jphillips8b@bloomberg.com,Male,246.147.35.183
421,Amy,Pierce,apiercebo@reverbnation.com,Female,66.21.245.102
199,Barbara,Pierce,bpierce5i@bbb.org,Female,26.136.28.135
578,Nicholas,Pierce,npierceg1@europa.eu,Male,24.10.204.84
150,Raymond,Pierce,rpierce45@businessweek.com,Male,164.190.204.90
874,Roger,Pierce,rpierceo9@webnode.com,Male,183.138.209.166
56,Ashley,Porter,aporter1j@discuz.net,Female,64.118.70.191
82,Kevin,Porter,kporter29@dailymail.co.uk,Male,145.248.232.10
714,Sarah,Porter,sporterjt@bloglovin.com,Female,170.60.124.126
969,Dennis,Powell,dpowellqw@amazon.de,Male,212.29.156.217
901,Donna,Powell,dpowellp0@de.vu,Female,89.121.107.73
993,Harry,Powell,hpowellrk@jimdo.com,Male,11.142.237.6
541,Johnny,Powell,jpowellf0@xing.com,Male,160.65.223.218
645,Carol,Price,cpricehw@goo.ne.jp,Female,8.238.174.220
48,Christina,Price,cprice1b@friendfeed.com,Female,249.171.208.166
629,Christine,Price,cpricehg@harvard.edu,Female,170.59.76.54
970,Elizabeth,Price,epriceqx@wikispaces.com,Female,89.24.151.58
833,Martha,Price,mpricen4@npr.org,Female,177.150.212.69
107,Rachel,Price,rprice2y@barnesandnoble.com,Female,87.0.85.188
502,Helen,Ramirez,hramirezdx@seesaa.net,Female,166.110.135.77
548,Michelle,Ramirez,mramirezf7@china.com.cn,Female,163.80.201.227
679,Donald,Ramos,dramosiu@virginia.edu,Male,3.119.35.117
317,Douglas,Ramos,dramos8s@statcounter.com,Male,25.175.182.2
37,James,Ramos,jramos10@simplemachines.org,Male,30.198.22.241
808,Norma,Ramos,nramosmf@upenn.edu,Female,211.22.11.91
315,Philip,Ramos,pramos8q@liveinternet.ru,Male,201.14.170.69
579,Timothy,Ramos,tramosg2@nature.com,Male,45.167.37.75
778,Virginia,Ramos,vramosll@biglobe.ne.jp,Female,147.167.124.171
795,Anthony,Ray,araym2@hao123.com,Male,247.159.59.1
781,Carol,Ray,craylo@home.pl,Female,3.253.19.44
416,Lori,Ray,lraybj@google.pl,Female,34.72.208.108
764,Pamela,Ray,prayl7@aol.com,Female,185.113.123.195
603,Jacqueline,Reed,jreedgq@howstuffworks.com,Female,164.217.217.52
158,Julia,Reed,jreed4d@illinois.edu,Female,249.18.178.57
866,Mary,Reed,mreedo1@wordpress.com,Female,31.92.210.23
659,Ryan,Reed,rreedia@dedecms.com,Male,16.117.136.10
862,Cheryl,Reid,creidnx@scribd.com,Female,160.109.46.237
467,Christine,Reid,creidcy@cnbc.com,Female,149.72.40.191
157,Kathleen,Reid,kreid4c@storify.com,Female,64.177.219.203
981,Lillian,Reyes,lreyesr8@yelp.com,Female,233.56.52.195
590,Samuel,Reyes,sreyesgd@skyrock.com,Male,126.106.31.220
200,Theresa,Reyes,treyes5j@netvibes.com,Female,205.193.160.192
417,Charles,Reynolds,creynoldsbk@dailymail.co.uk,Male,243.16.16.244
336,Helen,Reynolds,hreynolds9b@elpais.com,Female,224.145.33.21
812,Jessica,Reynolds,jreynoldsmj@psu.edu,Female,110.12.242.39
271,Jonathan,Reynolds,jreynolds7i@goodreads.com,Male,174.128.134.226
31,Kenneth,Reynolds,kreynoldsu@wikipedia.org,Male,234.113.27.82
330,Shawn,Reynolds,sreynolds95@oakley.com,Male,208.180.174.208
637,Carl,Rice,criceho@ehow.com,Male,79.252.179.207
775,Irene,Rice,iriceli@t.co,Female,234.162.4.188
524,Jack,Rice,jriceej@mapy.cz,Male,250.134.20.17
936,Marilyn,Rice,mricepz@goodreads.com,Female,118.71.79.14
525,Mildred,Rice,mriceek@blogtalkradio.com,Female,34.27.218.245
756,Patricia,Rice,pricekz@nsw.gov.au,Female,198.174.34.47
431,Bonnie,Richards,brichardsby@csmonitor.com,Female,195.249.44.76
925,Dennis,Richards,drichardspo@pen.io,Male,120.40.180.131
773,Edward,Richards,erichardslg@blogtalkradio.com,Male,170.116.162.43
494,Julia,Richards,jrichardsdp@webnode.com,Female,137.189.154.193
38,Matthew,Richards,mrichards11@acquirethisname.com,Male,205.206.40.107
127,Mildred,Richards,mrichards3i@wisc.edu,Female,72.40.206.90
298,Joe,Richardson,jrichardson89@kickstarter.com,Male,77.54.129.110
754,Ralph,Richardson,rrichardsonkx@economist.com,Male,92.27.0.191
818,Rebecca,Richardson,rrichardsonmp@angelfire.com,Female,73.56.17.167
42,Ryan,Richardson,rrichardson15@oaic.gov.au,Male,84.139.35.139
889,Doris,Riley,drileyoo@cbsnews.com,Female,1.24.238.107
575,Marilyn,Riley,mrileyfy@altervista.org,Female,76.179.193.247
755,Russell,Riley,rrileyky@imgur.com,Male,97.216.195.123
383,Bobby,Rivera,briveraam@webnode.com,Male,77.182.187.129
870,Victor,Rivera,vriverao5@paginegialle.it,Male,154.251.144.51
501,Doris,Roberts,drobertsdw@phpbb.com,Female,44.80.54.92
595,Doris,Roberts,drobertsgi@sbwire.com,Female,242.146.246.195
87,Carlos,Robertson,crobertson2e@blinklist.com,Male,148.57.181.228
789,Doris,Robertson,drobertsonlw@nih.gov,Female,255.171.117.23
518,Michelle,Robertson,mrobertsoned@freewebs.com,Female,242.124.123.230
254,Ronald,Robertson,rrobertson71@soundcloud.com,Male,255.175.52.129
716,Tammy,Robertson,trobertsonjv@senate.gov,Female,189.114.214.35
228,Alice,Robinson,arobinson6b@cam.ac.uk,Female,51.12.211.148
178,Brenda,Robinson,brobinson4x@sciencedirect.com,Female,181.207.158.117
545,Lois,Robinson,lrobinsonf4@weebly.com,Female,204.117.31.74
392,Marie,Robinson,mrobinsonav@ebay.com,Female,212.108.109.152
725,Sarah,Robinson,srobinsonk4@illinois.edu,Female,199.243.107.200
995,Tammy,Robinson,trobinsonrm@dailymail.co.uk,Female,65.199.103.225
723,Theresa,Robinson,trobinsonk2@umn.edu,Female,128.158.119.185
184,Jacqueline,Rodriguez,jrodriguez53@go.com,Female,234.169.2.246
979,Laura,Rodriguez,lrodriguezr6@tripod.com,Female,128.112.37.184
894,Judith,Rogers,jrogersot@google.com.br,Female,91.29.171.193
191,Laura,Rogers,lrogers5a@booking.com,Female,122.8.126.74
237,Norma,Rogers,nrogers6k@homestead.com,Female,248.152.114.202
209,Ashley,Romero,aromero5s@artisteer.com,Female,100.145.77.160
961,Dorothy,Romero,dromeroqo@jiathis.com,Female,248.115.7.246
308,James,Romero,jromero8j@springer.com,Male,95.188.14.55
945,Sean,Romero,sromeroq8@macromedia.com,Male,233.120.225.240
512,Thomas,Romero,tromeroe7@cbsnews.com,Male,120.213.84.242
153,Bonnie,Rose,brose48@smugmug.com,Female,230.186.99.158
477,Marilyn,Rose,mrosed8@mozilla.com,Female,90.235.92.120
234,Brandon,Ross,bross6h@angelfire.com,Male,110.1.145.100
813,Jack,Ross,jrossmk@geocities.com,Male,19.191.147.105
409,Judith,Ross,jrossbc@timesonline.co.uk,Female,22.7.44.203
690,Martha,Ross,mrossj5@yahoo.co.jp,Female,97.225.106.131
902,Nancy,Ross,nrossp1@php.net,Female,189.195.113.20
996,Gary,Ruiz,gruizrn@example.com,Male,113.126.172.161
24,Juan,Ruiz,jruizn@seattletimes.com,Male,56.162.211.53
100,Martin,Ruiz,mruiz2r@shop-pro.jp,Male,204.136.3.244
132,Terry,Ruiz,truiz3n@ucoz.ru,Male,205.253.27.59
58,Willie,Ruiz,wruiz1l@newyorker.com,Male,74.66.196.154
405,Cynthia,Russell,crussellb8@nytimes.com,Female,200.198.138.145
95,Marilyn,Russell,mrussell2m@weather.com,Female,131.187.143.44
667,Ruby,Russell,rrussellii@technorati.com,Female,207.125.184.27
422,Russell,Russell,rrussellbp@vinaora.com,Male,123.171.245.63
965,Adam,Ryan,aryanqs@illinois.edu,Male,199.169.207.42
610,Carol,Ryan,cryangx@csmonitor.com,Female,171.96.94.172
825,Helen,Ryan,hryanmw@rakuten.co.jp,Female,182.217.129.34
432,Lillian,Ryan,lryanbz@craigslist.org,Female,71.59.93.82
146,Mark,Ryan,mryan41@yelp.com,Male,92.160.35.35
11,Robert,Ryan,rryana@sun.com,Male,15.67.242.221
292,Dorothy,Sanchez,dsanchez83@furl.net,Female,223.254.124.17
499,Frank,Sanchez,fsanchezdu@clickbank.net,Male,97.15.68.153
694,Frank,Sanchez,fsanchezj9@storify.com,Male,204.34.174.240
555,Judith,Sanchez,jsanchezfe@eepurl.com,Female,97.80.209.90
526,Kathryn,Sanchez,ksanchezel@is.gd,Female,28.224.213.101
452,Brandon,Sanders,bsanderscj@blogs.com,Male,243.223.22.187
859,Dennis,Sanders,dsandersnu@blogs.com,Male,82.92.193.76
197,Douglas,Sanders,dsanders5g@google.de,Male,173.196.184.134
274,Gregory,Sanders,gsanders7l@ezinearticles.com,Male,55.224.192.217
151,Jean,Sanders,jsanders46@amazon.com,Female,249.173.126.147
944,Kevin,Schmidt,kschmidtq7@ftc.gov,Male,7.123.115.134
113,Louise,Schmidt,lschmidt34@ask.com,Female,171.95.221.234
658,Nicholas,Schmidt,nschmidti9@cdc.gov,Male,65.194.79.89
856,Peter,Schmidt,pschmidtnr@foxnews.com,Male,55.39.160.190
639,Victor,Schmidt,vschmidthq@newyorker.com,Male,169.220.3.177
769,Bobby,Scott,bscottlc@pbs.org,Male,22.124.230.122
412,Johnny,Scott,jscottbf@wunderground.com,Male,32.21.250.221
152,Kevin,Scott,kscott47@wufoo.com,Male,17.166.70.130
269,Stephen,Scott,sscott7g@amazon.com,Male,95.184.140.146
599,Brandon,Shaw,bshawgm@wordpress.com,Male,34.204.245.238
828,Debra,Shaw,dshawmz@cbslocal.com,Female,136.237.103.159
138,Bonnie,Simmons,bsimmons3t@wikispaces.com,Female,79.116.243.73
622,Carolyn,Simmons,csimmonsh9@state.gov,Female,251.35.43.69
440,Gerald,Simmons,gsimmonsc7@blogspot.com,Male,119.153.145.81
883,Johnny,Simmons,jsimmonsoi@toplist.cz,Male,172.219.158.178
732,Steve,Simmons,ssimmonskb@eepurl.com,Male,208.2.215.139
895,William,Simmons,wsimmonsou@networksolutions.com,Male,157.49.250.165
376,Brian,Simpson,bsimpsonaf@eepurl.com,Male,56.8.232.17
905,Jean,Simpson,jsimpsonp4@list-manage.com,Female,36.197.167.87
703,Ryan,Simpson,rsimpsonji@biblegateway.com,Male,38.187.64.48
349,Stephen,Simpson,ssimpson9o@admin.ch,Male,65.209.198.225
486,Ann,Sims,asimsdh@fema.gov,Female,12.119.52.93
500,Deborah,Sims,dsimsdv@zimbio.com,Female,137.17.94.177
115,Fred,Sims,fsims36@youtube.com,Male,2.250.64.249
984,Jennifer,Sims,jsimsrb@aol.com,Female,230.212.1.221
377,Louise,Sims,lsimsag@creativecommons.org,Female,152.119.57.5
241,Elizabeth,Smith,esmith6o@mozilla.com,Female,208.180.139.62
342,Joyce,Smith,jsmith9h@va.gov,Female,242.142.187.76
434,Carlos,Snyder,csnyderc1@cbsnews.com,Male,23.222.249.52
665,Julia,Snyder,jsnyderig@hexun.com,Female,175.93.226.33
483,Justin,Snyder,jsnyderde@alexa.com,Male,52.221.29.151
211,Laura,Snyder,lsnyder5u@uiuc.edu,Female,127.255.5.114
673,Lisa,Snyder,lsnyderio@dion.ne.jp,Female,151.216.222.167
903,Douglas,Spencer,dspencerp2@miitbeian.gov.cn,Male,192.25.19.140
835,Phyllis,Spencer,pspencern6@miibeian.gov.cn,Female,110.102.201.181
219,Sarah,Spencer,sspencer62@ebay.co.uk,Female,252.123.136.221
26,Scott,Spencer,sspencerp@telegraph.co.uk,Male,71.153.37.24
544,Arthur,Stanley,astanleyf3@scientificamerican.com,Male,218.149.200.222
407,Eugene,Stanley,estanleyba@posterous.com,Male,199.70.104.211
387,Harry,Stanley,hstanleyaq@comcast.net,Male,182.162.74.185
185,Kathryn,Stanley,kstanley54@howstuffworks.com,Female,104.38.24.136
187,Keith,Stanley,kstanley56@nifty.com,Male,112.142.141.231
16,Kimberly,Stephens,kstephensf@usda.gov,Female,155.44.44.137
239,Marilyn,Stephens,mstephens6m@photobucket.com,Female,195.144.152.175
939,Martha,Stephens,mstephensq2@illinois.edu,Female,231.153.134.26
267,Joseph,Stevens,jstevens7e@google.nl,Male,238.56.247.47
361,Joshua,Stevens,jstevensa0@woothemes.com,Male,76.125.152.26
691,Larry,Stevens,lstevensj6@eventbrite.com,Male,86.118.77.38
284,Robin,Stevens,rstevens7v@trellian.com,Female,220.184.176.14
17,Arthur,Stewart,astewartg@nps.gov,Male,148.183.101.52
736,Earl,Stewart,estewartkf@uol.com.br,Male,77.5.99.98
429,Heather,Stewart,hstewartbw@simplemachines.org,Female,208.226.19.201
538,Joe,Stewart,jstewartex@deliciousdays.com,Male,222.215.29.89
430,Ryan,Stewart,rstewartbx@squarespace.com,Male,102.160.21.38
510,Sean,Stewart,sstewarte5@archive.org,Male,231.124.182.78
480,Wayne,Stewart,wstewartdb@networkadvertising.org,Male,184.220.126.74
670,Jason,Stone,jstoneil@instagram.com,Male,107.214.22.142
967,Kathy,Stone,kstonequ@fc2.com,Female,131.108.54.126
313,Lisa,Stone,lstone8o@i2i.jp,Female,116.28.108.200
257,Roy,Stone,rstone74@diigo.com,Male,11.11.144.25
594,Sara,Stone,sstonegh@deviantart.com,Female,62.187.113.68
490,Emily,Sullivan,esullivandl@storify.com,Female,59.63.57.201
116,Evelyn,Sullivan,esullivan37@fc2.com,Female,73.64.104.203
363,Samuel,Sullivan,ssullivana2@friendfeed.com,Male,133.28.106.239
924,Heather,Taylor,htaylorpn@yandex.ru,Female,67.97.56.251
163,Jessica,Taylor,jtaylor4i@marketwatch.com,Female,107.65.50.229
721,Samuel,Taylor,staylork0@sun.com,Male,245.123.212.154
7,Donald,Thomas,dthomas6@unblog.fr,Male,85.73.148.50
654,Julia,Thomas,jthomasi5@so-net.ne.jp,Female,101.146.179.255
805,Margaret,Thomas,mthomasmc@usatoday.com,Female,13.226.24.163
476,Albert,Torres,atorresd7@ebay.co.uk,Male,17.216.16.32
491,Charles,Torres,ctorresdm@umich.edu,Male,54.140.18.91
206,Sara,Torres,storres5p@naver.com,Female,48.158.15.112
427,Craig,Tucker,ctuckerbu@foxnews.com,Male,224.163.57.179
222,Donald,Tucker,dtucker65@businessweek.com,Male,234.104.21.27
745,Eric,Tucker,etuckerko@fotki.com,Male,241.217.15.62
914,Frances,Tucker,ftuckerpd@typepad.com,Female,94.227.219.246
378,Frank,Tucker,ftuckerah@ted.com,Male,153.25.35.215
85,Jason,Tucker,jtucker2c@smh.com.au,Male,215.125.123.196
839,Justin,Tucker,jtuckerna@mayoclinic.com,Male,43.4.44.110
511,Louise,Tucker,ltuckere6@lulu.com,Female,177.196.238.42
69,Patricia,Tucker,ptucker1w@linkedin.com,Female,42.171.185.125
332,Shirley,Tucker,stucker97@sohu.com,Female,238.182.187.62
446,Debra,Turner,dturnercd@bravesites.com,Female,98.150.26.233
46,Denise,Turner,dturner19@foxnews.com,Female,84.197.173.45
382,Kimberly,Turner,kturneral@dot.gov,Female,33.3.135.23
571,Laura,Turner,lturnerfu@google.ru,Female,126.186.131.160
188,Mark,Turner,mturner57@plala.or.jp,Male,111.29.222.195
664,Rose,Turner,rturnerif@hud.gov,Female,61.12.112.89
787,Teresa,Turner,tturnerlu@ebay.com,Female,116.66.160.184
712,Kelly,Vasquez,kvasquezjr@ihg.com,Female,197.133.118.192
214,Stephen,Vasquez,svasquez5x@netlog.com,Male,0.43.49.6
948,Anne,Wagner,awagnerqb@ebay.co.uk,Female,228.115.108.253
966,Johnny,Wagner,jwagnerqt@hp.com,Male,182.39.245.15
814,Dorothy,Walker,dwalkerml@cdc.gov,Female,100.190.66.144
364,Frank,Walker,fwalkera3@51.la,Male,175.158.115.148
345,Gary,Walker,gwalker9k@go.com,Male,74.201.223.220
145,Mary,Walker,mwalker40@bing.com,Female,110.198.23.168
55,Roger,Walker,rwalker1i@behance.net,Male,80.45.239.235
980,Ryan,Walker,rwalkerr7@diigo.com,Male,7.200.65.244
911,Victor,Walker,vwalkerpa@unicef.org,Male,65.70.56.195
989,Emily,Wallace,ewallacerg@oaic.gov.au,Female,113.218.108.42
884,Margaret,Wallace,mwallaceoj@bandcamp.com,Female,107.239.11.247
119,Tammy,Wallace,twallace3a@seesaa.net,Female,238.231.224.99
705,Billy,Ward,bwardjk@123-reg.co.uk,Male,134.195.218.255
529,Eric,Ward,ewardeo@nyu.edu,Male,155.155.132.202
684,Eugene,Ward,ewardiz@adobe.com,Male,133.103.109.204
878,Rose,Ward,rwardod@booking.com,Female,227.75.57.178
752,Sara,Ward,swardkv@joomla.org,Female,64.12.232.184
710,Billy,Warren,bwarrenjp@usa.gov,Male,71.186.123.44
855,Eugene,Warren,ewarrennq@microsoft.com,Male,170.78.117.113
350,Robert,Warren,rwarren9p@alexa.com,Male,231.191.249.18
103,Thomas,Warren,twarren2u@tripadvisor.com,Male,236.163.148.189
283,Andrew,Watkins,awatkins7u@virginia.edu,Male,29.119.63.200
620,Antonio,Watkins,awatkinsh7@4shared.com,Male,123.146.96.99
338,Bonnie,Watkins,bwatkins9d@wikipedia.org,Female,246.14.157.196
640,Clarence,Watson,cwatsonhr@amazon.com,Male,4.14.108.147
455,Doris,Watson,dwatsoncm@webs.com,Female,151.177.144.151
964,Dorothy,Watson,dwatsonqr@shutterfly.com,Female,181.83.5.198
162,Helen,Watson,hwatson4h@simplemachines.org,Female,222.115.224.102
768,Irene,Watson,iwatsonlb@mayoclinic.com,Female,72.58.162.166
816,Joan,Watson,jwatsonmn@jalbum.net,Female,80.39.254.191
826,Joan,Watson,jwatsonmx@mozilla.org,Female,166.2.27.159
1,Timothy,Watson,twatson0@admin.ch,Male,206.57.122.164
482,Todd,Weaver,tweaverdd@meetup.com,Male,194.111.147.23
719,Virginia,Weaver,vweaverjy@earthlink.net,Female,161.36.18.202
699,Chris,Webb,cwebbje@ft.com,Male,210.143.98.171
252,Cynthia,Webb,cwebb6z@google.co.jp,Female,249.189.38.132
504,Jack,Webb,jwebbdz@noaa.gov,Male,109.202.1.96
762,Peter,Webb,pwebbl5@1688.com,Male,225.253.236.193
834,Cheryl,Welch,cwelchn5@flickr.com,Female,187.32.207.27
780,Douglas,Welch,dwelchln@hostgator.com,Male,31.181.99.127
933,Jacqueline,Welch,jwelchpw@bluehost.com,Female,212.80.111.43
558,Nicholas,Welch,nwelchfh@chicagotribune.com,Male,10.251.49.25
906,Julie,Wells,jwellsp5@japanpost.jp,Female,114.252.30.201
303,Dennis,West,dwest8e@twitpic.com,Male,14.252.252.237
475,Kathryn,West,kwestd6@hud.gov,Female,34.60.92.188
65,Ralph,West,rwest1s@walmart.com,Male,57.210.146.67
893,Raymond,West,rwestos@weibo.com,Male,198.235.125.230
843,Craig,Wheeler,cwheelerne@t-online.de,Male,143.155.125.81
111,Frances,Wheeler,fwheeler32@google.ru,Female,18.65.101.16
309,Gregory,Wheeler,gwheeler8k@nature.com,Male,174.77.26.78
608,Judy,Wheeler,jwheelergv@mlb.com,Female,168.121.88.65
489,Kelly,Wheeler,kwheelerdk@mac.com,Female,229.138.245.108
59,Susan,Wheeler,swheeler1m@walmart.com,Female,68.70.218.153
627,Cynthia,White,cwhitehe@de.vu,Female,210.123.239.50
90,Jeffrey,White,jwhite2h@ocn.ne.jp,Male,192.60.79.224
230,Kevin,White,kwhite6d@github.io,Male,190.22.156.37
943,Elizabeth,Williams,ewilliamsq6@wiley.com,Female,187.18.27.187
616,Mildred,Williams,mwilliamsh3@noaa.gov,Female,154.121.63.65
904,Angela,Williamson,awilliamsonp3@nih.gov,Female,57.190.34.39
144,Nancy,Williamson,nwilliamson3z@over-blog.com,Female,34.131.63.21
536,Victor,Williamson,vwilliamsonev@marketwatch.com,Male,133.225.114.184
583,Virginia,Williamson,vwilliamsong6@purevolume.com,Female,31.150.73.208
172,Ashley,Willis,awillis4r@123-reg.co.uk,Female,93.148.196.237
844,Mark,Willis,mwillisnf@bravesites.com,Male,106.124.3.22
731,Phyllis,Willis,pwilliska@lulu.com,Female,119.4.90.125
686,Amanda,Wilson,awilsonj1@edublogs.org,Female,144.164.120.162
983,Earl,Wilson,ewilsonra@skyrock.com,Male,168.90.37.163
915,Ralph,Wilson,rwilsonpe@kickstarter.com,Male,147.250.175.18
811,Christine,Wood,cwoodmi@tiny.cc,Female,84.200.233.36
567,Deborah,Wood,dwoodfq@google.com,Female,216.121.160.182
938,Denise,Wood,dwoodq1@businessinsider.com,Female,170.176.126.103
263,Elizabeth,Wood,ewood7a@freewebs.com,Female,206.80.140.78
774,Matthew,Wood,mwoodlh@lycos.com,Male,104.178.192.38
589,Patricia,Wood,pwoodgc@economist.com,Female,210.190.2.169
887,Ronald,Wood,rwoodom@xing.com,Male,107.165.39.241
57,Carlos,Woods,cwoods1k@noaa.gov,Male,13.160.129.81
262,Judith,Woods,jwoods79@typepad.com,Female,40.180.157.133
52,Thomas,Woods,twoods1f@delicious.com,Male,91.166.7.125
641,Joshua,Wright,jwrighths@blogger.com,Male,218.160.215.108
807,Michael,Wright,mwrightme@github.com,Male,188.4.157.232
389,Ralph,Wright,rwrightas@bloomberg.com,Male,163.139.254.140
547,Sara,Wright,swrightf6@timesonline.co.uk,Female,124.108.79.3
166,Shawn,Wright,swright4l@smugmug.com,Male,244.59.229.229
530,Andrea,Young,ayoungep@abc.net.au,Female,169.69.182.167
453,Christopher,Young,cyoungck@spiegel.de,Male,139.0.33.179
553,Janet,Young,jyoungfc@opera.com,Female,160.215.36.12
932,Judith,Young,jyoungpv@thetimes.co.uk,Female,217.10.55.163
829,Kenneth,Young,kyoungn0@hao123.com,Male,144.10.60.43
506,Willie,Young,wyounge1@arizona.edu,Male,107.168.240.55