24,Lois,Adams,ladamsn@amazon.co.uk,Female,62.123.80.199
104,Jonathan,Allen,jallen2v@nationalgeographic.com,Male,187.120.183.218
195,Walter,Anderson,wanderson5e@deviantart.com,Male,205.23.159.69
106,Karen,Armstrong,karmstrong2x@miibeian.gov.cn,Female,42.21.75.91
5,Patrick,Arnold,parnold4@ning.com,Male,92.91.115.101
131,Todd,Arnold,tarnold3m@netscape.com,Male,144.203.145.215
77,Joshua,Austin,jaustin24@naver.com,Male,39.62.88.178
40,Matthew,Austin,maustin13@noaa.gov,Male,115.180.84.19
72,Carlos,Bailey,cbailey1z@skype.com,Male,174.11.66.166
246,Lois,Baker,lbaker6t@shinystat.com,Female,230.231.103.186
160,Cynthia,Bennett,cbennett4f@bloglines.com,Female,145.26.253.118
33,Louis,Bennett,lbennettw@ycombinator.com,Male,243.198.69.196
191,Helen,Berry,hberry5a@slashdot.org,Female,8.31.21.179
148,Judy,Berry,jberry43@dedecms.com,Female,206.158.187.209
237,Kathleen,Berry,kberry6k@google.com.br,Female,6.43.102.151
233,Kenneth,Berry,kberry6g@multiply.com,Male,107.50.129.93
186,Michelle,Bishop,mbishop55@tamu.edu,Female,178.95.247.37
135,Ruth,Bowman,rbowman3q@hud.gov,Female,117.208.133.6
248,Kathy,Boyd,kboyd6v@netlog.com,Female,135.24.247.95
114,Susan,Boyd,sboyd35@about.me,Female,218.215.27.181
217,Carol,Brooks,cbrooks60@samsung.com,Female,76.80.32.157
109,Ronald,Brown,rbrown30@nps.gov,Male,37.58.211.218
236,Beverly,Burke,bburke6j@hibu.com,Female,206.116.32.27
59,Charles,Butler,cbutler1m@ustream.tv,Male,133.44.246.81
115,Willie,Butler,wbutler36@forbes.com,Male,135.114.23.95
130,Gary,Campbell,gcampbell3l@dropbox.com,Male,84.221.184.211
150,Gerald,Campbell,gcampbell45@woothemes.com,Male,201.228.220.243
23,Joan,Campbell,jcampbellm@hatena.ne.jp,Female,50.63.38.174
162,Jeffrey,Carpenter,jcarpenter4h@foxnews.com,Male,12.133.19.2
62,Jennifer,Carpenter,jcarpenter1p@woothemes.com,Female,29.23.54.204
238,Ernest,Carr,ecarr6l@washington.edu,Male,11.156.94.213
174,Donald,Chapman,dchapman4t@whitehouse.gov,Male,32.123.132.88
57,Kelly,Chapman,kchapman1k@xrea.com,Female,49.173.56.163
86,Matthew,Chapman,mchapman2d@webnode.com,Male,207.94.210.59
243,Janet,Chavez,jchavez6q@cpanel.net,Female,14.86.130.198
76,Lisa,Chavez,lchavez23@eventbrite.com,Female,92.176.216.87
48,Carlos,Cole,ccole1b@github.com,Male,125.40.86.76
199,Jason,Coleman,jcoleman5i@patch.com,Male,253.185.223.75
10,Tammy,Coleman,tcoleman9@usda.gov,Female,7.255.151.24
110,George,Cook,gcook31@bandcamp.com,Male,212.226.242.172
228,Daniel,Cox,dcox6b@dot.gov,Male,25.86.135.234
229,Michael,Cox,mcox6c@seattletimes.com,Male,185.194.207.250
210,Jason,Cunningham,jcunningham5t@census.gov,Male,127.115.225.143
224,Virginia,Cunningham,vcunningham67@google.it,Female,37.191.106.102
216,Billy,Daniels,bdaniels5z@wordpress.org,Male,155.108.130.190
51,Joshua,Davis,jdavis1e@nps.gov,Male,170.103.187.84
88,Stephen,Davis,sdavis2f@dailymail.co.uk,Male,68.41.42.193
93,Frank,Dunn,fdunn2k@ca.gov,Male,206.41.86.168
94,Frank,Dunn,fdunn2l@unicef.org,Male,189.71.179.100
39,Howard,Dunn,hdunn12@nasa.gov,Male,28.241.97.114
67,Debra,Edwards,dedwards1u@ning.com,Female,232.120.120.24
101,Charles,Elliott,celliott2s@bravesites.com,Male,85.244.217.245
105,Jack,Ellis,jellis2w@addthis.com,Male,120.202.115.92
136,Aaron,Evans,aevans3r@hud.gov,Male,168.54.52.7
90,Martin,Evans,mevans2h@about.com,Male,126.17.170.187
35,Sara,Evans,sevansy@ifeng.com,Female,86.20.44.183
201,Gary,Ferguson,gferguson5k@sogou.com,Male,21.202.216.219
107,Martha,Fernandez,mfernandez2y@state.gov,Female,5.251.238.134
206,Ann,Fisher,afisher5p@tinypic.com,Female,172.242.172.93
251,Billy,Flores,bflores6y@aboutads.info,Male,58.55.103.150
141,Jane,Foster,jfoster3w@rambler.ru,Female,98.198.139.150
32,Virginia,Fowler,vfowlerv@istockphoto.com,Female,3.6.0.114
133,Jeremy,Fox,jfox3o@pen.io,Male,14.15.181.73
252,Juan,Frazier,jfrazier6z@hp.com,Male,247.246.175.208
134,Shawn,Freeman,sfreeman3p@opera.com,Male,218.209.118.28
58,Adam,Fuller,afuller1l@hatena.ne.jp,Male,6.244.232.193
70,David,Fuller,dfuller1x@miibeian.gov.cn,Male,231.129.240.110
63,Susan,Fuller,sfuller1q@tripadvisor.com,Female,65.136.138.118
157,Donna,Gardner,dgardner4c@macromedia.com,Female,136.157.17.121
140,Jason,Garrett,jgarrett3v@latimes.com,Male,34.90.45.55
122,Denise,Garza,dgarza3d@europa.eu,Female,65.87.143.74
247,Donald,Gilbert,dgilbert6u@tripod.com,Male,60.238.20.59
123,Rebecca,Gilbert,rgilbert3e@shop-pro.jp,Female,204.252.56.9
189,Rose,Gomez,rgomez58@joomla.org,Female,203.240.55.242
155,Paula,Gonzalez,pgonzalez4a@squarespace.com,Female,18.53.151.131
42,Jason,Gordon,jgordon15@usda.gov,Male,15.239.192.155
158,Gerald,Graham,ggraham4d@blinklist.com,Male,88.119.94.189
154,Joyce,Gray,jgray49@list-manage.com,Female,91.151.239.89
100,Thomas,Green,tgreen2r@mediafire.com,Male,129.238.31.41
196,Ralph,Greene,rgreene5f@yandex.ru,Male,67.53.37.235
108,Douglas,Griffin,dgriffin2z@nydailynews.com,Male,54.178.77.48
21,Lillian,Griffin,lgriffink@prlog.org,Female,23.90.177.154
45,Mary,Griffin,mgriffin18@bluehost.com,Female,128.146.247.218
207,Fred,Hall,fhall5q@gmpg.org,Male,23.119.82.106
194,Brenda,Hamilton,bhamilton5d@mozilla.com,Female,7.78.34.94
74,Frank,Hansen,fhansen21@goodreads.com,Male,41.2.161.65
147,Andrew,Harper,aharper42@chronoengine.com,Male,197.194.2.40
47,Brenda,Harrison,bharrison1a@bluehost.com,Female,183.232.185.237
98,Howard,Harrison,hharrison2p@mashable.com,Male,36.94.208.201
89,Patricia,Harrison,pharrison2g@fc2.com,Female,44.41.175.177
165,Todd,Hart,thart4k@wsj.com,Male,248.170.177.20
15,Adam,Harvey,aharveye@spiegel.de,Male,247.192.78.190
129,Joe,Harvey,jharvey3k@paypal.com,Male,6.199.106.80
185,Samuel,Harvey,sharvey54@spiegel.de,Male,85.169.198.93
4,Frances,Hayes,fhayes3@zdnet.com,Female,208.211.119.51
149,Harold,Hayes,hhayes44@ox.ac.uk,Male,175.224.248.187
92,Jack,Hayes,jhayes2j@ca.gov,Male,171.71.222.18
169,Jean,Hayes,jhayes4o@weebly.com,Female,19.36.12.135
231,Charles,Henderson,chenderson6e@bloomberg.com,Male,6.32.81.129
214,Wayne,Hernandez,whernandez5x@bandcamp.com,Male,173.75.89.207
20,Howard,Hicks,hhicksj@deliciousdays.com,Male,48.239.130.239
11,Nicholas,Hill,nhilla@netlog.com,Male,255.130.3.108
103,Susan,Hill,shill2u@techcrunch.com,Female,225.15.55.196
172,Judy,Holmes,jholmes4r@fema.gov,Female,115.3.122.18
56,Sharon,Holmes,sholmes1j@blogs.com,Female,16.29.58.136
253,Helen,Howard,hhoward70@microsoft.com,Female,243.213.170.149
17,Kimberly,Hudson,khudsong@yelp.com,Female,182.79.91.54
212,Shirley,Hunt,shunt5v@blogger.com,Female,231.210.41.40
178,Douglas,Hunter,dhunter4x@newsvine.com,Male,119.226.18.132
138,Scott,Hunter,shunter3t@bandcamp.com,Male,33.241.81.241
34,Teresa,Jackson,tjacksonx@umich.edu,Female,248.26.90.42
97,Karen,Jacobs,kjacobs2o@plala.or.jp,Female,9.54.63.186
13,Joan,James,jjamesc@wufoo.com,Female,39.193.218.42
132,Janet,Jenkins,jjenkins3n@alibaba.com,Female,52.195.21.116
125,Roy,Johnson,rjohnson3g@ask.com,Male,28.68.34.134
75,Rose,Johnston,rjohnston22@drupal.org,Female,175.67.249.115
254,Martha,Jones,mjones71@topsy.com,Female,214.61.17.16
65,Harold,Jordan,hjordan1s@sourceforge.net,Male,175.79.180.95
80,Mark,Jordan,mjordan27@nature.com,Male,73.107.51.91
111,Dennis,Kelley,dkelley32@state.gov,Male,55.102.180.115
166,Eugene,Kelley,ekelley4l@ucoz.ru,Male,134.71.143.100
256,Kathryn,Kelly,kkelly73@diigo.com,Female,69.25.236.28
112,Ronald,Kelly,rkelly33@xinhuanet.com,Male,4.254.218.128
170,Denise,Kim,dkim4p@dot.gov,Female,68.109.10.1
209,Patricia,Kim,pkim5s@ning.com,Female,210.83.242.77
192,Jonathan,Knight,jknight5b@japanpost.jp,Male,64.32.138.22
182,Daniel,Lane,dlane51@uiuc.edu,Male,144.208.81.211
41,Michelle,Lane,mlane14@wikipedia.org,Female,90.12.251.218
31,Shirley,Lawrence,slawrenceu@engadget.com,Female,13.107.201.23
227,Edward,Lawson,elawson6a@upenn.edu,Male,205.36.130.36
175,Patrick,Lawson,plawson4u@patch.com,Male,33.80.99.97
44,Martha,Lee,mlee17@cnet.com,Female,155.219.183.4
232,Paul,Little,plittle6f@lycos.com,Male,87.242.243.0
180,Patricia,Lopez,plopez4z@linkedin.com,Female,26.234.64.186
49,Antonio,Marshall,amarshall1c@live.com,Male,122.155.92.86
61,Mildred,Martin,mmartin1o@webeden.co.uk,Female,189.229.154.115
118,Bonnie,Martinez,bmartinez39@wikimedia.org,Female,87.243.250.155
124,Scott,Martinez,smartinez3f@livejournal.com,Male,206.111.68.48
139,Daniel,Matthews,dmatthews3u@sbwire.com,Male,170.73.26.222
84,Kimberly,Matthews,kmatthews2b@1688.com,Female,13.231.101.104
83,Laura,Matthews,lmatthews2a@360.cn,Female,239.93.248.161
173,Jennifer,Medina,jmedina4s@liveinternet.ru,Female,235.174.133.244
37,Matthew,Medina,mmedina10@so-net.ne.jp,Male,90.136.29.85
52,Judy,Mendoza,jmendoza1f@unblog.fr,Female,75.159.182.23
66,Dennis,Miller,dmiller1t@china.com.cn,Male,193.150.37.228
250,Diane,Miller,dmiller6x@msu.edu,Female,173.16.49.7
168,Jason,Miller,jmiller4n@simplemachines.org,Male,89.105.127.34
240,Bobby,Moreno,bmoreno6n@163.com,Male,191.57.223.227
9,Andrew,Morgan,amorgan8@usda.gov,Male,85.55.229.235
146,Ronald,Morgan,rmorgan41@skyrock.com,Male,116.249.225.2
120,Lillian,Nelson,lnelson3b@forbes.com,Female,85.255.201.185
16,Russell,Nelson,rnelsonf@creativecommons.org,Male,195.93.229.55
26,Carol,Nichols,cnicholsp@wikispaces.com,Female,71.15.85.4
221,Albert,Oliver,aoliver64@chicagotribune.com,Male,90.110.110.138
8,Roger,Oliver,roliver7@nature.com,Male,41.209.182.178
183,John,Olson,jolson52@cmu.edu,Male,158.229.40.147
156,Larry,Olson,lolson4b@meetup.com,Male,127.52.64.246
176,Barbara,Owens,bowens4v@geocities.jp,Female,197.78.45.44
218,Stephanie,Owens,sowens61@fc2.com,Female,238.174.177.56
14,Victor,Owens,vowensd@reverbnation.com,Male,187.126.37.26
38,Harold,Patterson,hpatterson11@go.com,Male,226.102.82.41
226,Christopher,Payne,cpayne69@pcworld.com,Male,143.255.100.159
55,Patrick,Payne,ppayne1i@google.nl,Male,59.161.73.232
249,Billy,Perkins,bperkins6w@hostgator.com,Male,183.184.237.44
36,Howard,Perry,hperryz@booking.com,Male,46.57.156.108
128,Juan,Perry,jperry3j@wikia.com,Male,14.29.55.89
151,Helen,Peterson,hpeterson46@vinaora.com,Female,198.33.222.195
220,Robin,Porter,rporter63@timesonline.co.uk,Female,113.212.57.2
239,Judith,Ramirez,jramirez6m@sourceforge.net,Female,100.130.127.61
53,Nancy,Ramirez,nramirez1g@twitpic.com,Female,94.226.215.183
121,Raymond,Ramirez,rramirez3c@fotki.com,Male,173.207.218.82
213,Frank,Ramos,framos5w@shinystat.com,Male,76.50.105.19
203,Katherine,Ramos,kramos5m@tamu.edu,Female,202.118.91.15
200,Annie,Reed,areed5j@auda.org.au,Female,61.81.197.11
73,Donald,Reed,dreed20@histats.com,Male,185.234.111.126
222,Gerald,Reed,greed65@instagram.com,Male,130.6.153.214
127,Pamela,Reynolds,preynolds3i@cnet.com,Female,69.200.99.22
87,Virginia,Reynolds,vreynolds2e@quantcast.com,Female,229.96.58.85
211,Louis,Rice,lrice5u@google.com.hk,Male,255.229.224.45
225,Robin,Rice,rrice68@sourceforge.net,Female,178.179.137.76
18,Anne,Richards,arichardsh@sakura.ne.jp,Female,92.61.187.39
204,Irene,Richardson,irichardson5n@sciencedaily.com,Female,149.145.13.234
190,Carlos,Roberts,croberts59@eepurl.com,Male,204.147.184.104
188,Evelyn,Roberts,eroberts57@latimes.com,Female,236.47.105.214
163,Harry,Roberts,hroberts4i@skyrock.com,Male,79.246.169.126
177,Robert,Robertson,rrobertson4w@icio.us,Male,118.105.238.147
205,Justin,Robinson,jrobinson5o@sitemeter.com,Male,43.62.110.142
126,George,Rodriguez,grodriguez3h@ted.com,Male,215.126.142.32
60,Billy,Rogers,brogers1n@yellowpages.com,Male,155.240.218.239
12,Lisa,Rogers,lrogersb@oakley.com,Female,137.18.120.169
202,Randy,Rogers,rrogers5l@homestead.com,Male,108.150.167.113
159,Sara,Rogers,srogers4e@nih.gov,Female,56.111.206.228
1,Denise,Romero,dromero0@google.fr,Female,183.255.117.139
27,Doris,Rose,droseq@ocn.ne.jp,Female,63.212.189.204
144,Gerald,Ross,gross3z@cam.ac.uk,Male,248.36.68.233
64,Karen,Ross,kross1r@forbes.com,Female,35.169.169.155
242,Marilyn,Ross,mross6p@wiley.com,Female,242.80.253.236
81,Stephen,Ross,sross28@hostgator.com,Male,196.139.179.179
7,Jimmy,Ruiz,jruiz6@tripod.com,Male,71.74.62.136
208,Jacqueline,Russell,jrussell5r@si.edu,Female,73.182.8.20
91,Ann,Ryan,aryan2i@arizona.edu,Female,10.236.114.2
145,Rebecca,Ryan,rryan40@disqus.com,Female,8.40.20.189
28,David,Sanchez,dsanchezr@marriott.com,Male,52.149.0.197
29,Jonathan,Sanchez,jsanchezs@ustream.tv,Male,211.154.131.205
69,Kenneth,Sanchez,ksanchez1w@weibo.com,Male,75.182.162.230
241,Todd,Sanchez,tsanchez6o@hud.gov,Male,230.220.110.51
30,Craig,Sanders,csanderst@ucsd.edu,Male,35.120.142.212
137,Julie,Sanders,jsanders3s@nymag.com,Female,236.137.160.146
99,Justin,Sanders,jsanders2q@blogtalkradio.com,Male,153.213.196.23
161,Dennis,Scott,dscott4g@senate.gov,Male,133.79.214.28
6,Johnny,Scott,jscott5@de.vu,Male,14.177.69.78
198,Debra,Simmons,dsimmons5h@over-blog.com,Female,243.173.120.45
95,Jeffrey,Simmons,jsimmons2m@lulu.com,Male,205.124.37.63
71,Mary,Smith,msmith1y@yellowpages.com,Female,91.221.204.46
164,Eugene,Stanley,estanley4j@ow.ly,Male,106.66.51.28
2,Janet,Stanley,jstanley1@booking.com,Female,230.188.242.215
230,Peter,Stanley,pstanley6d@ed.gov,Male,46.117.32.74
19,Todd,Stephens,tstephensi@cdc.gov,Male,153.72.82.14
234,Melissa,Stevens,mstevens6h@ehow.com,Female,144.136.138.84
245,Norma,Stevens,nstevens6s@dropbox.com,Female,225.180.69.89
152,Ryan,Stevens,rstevens47@cpanel.net,Male,223.247.154.194
3,Jacqueline,Stone,jstone2@1und1.de,Female,4.78.117.246
85,Katherine,Stone,kstone2c@redcross.org,Female,211.253.40.138
167,Arthur,Sullivan,asullivan4m@google.it,Male,180.216.238.113
116,Frank,Sullivan,fsullivan37@opera.com,Male,195.41.145.253
197,Laura,Sullivan,lsullivan5g@answers.com,Female,133.95.46.219
153,Joe,Taylor,jtaylor48@xinhuanet.com,Male,69.96.45.169
102,Lisa,Thomas,lthomas2t@mail.ru,Female,219.162.178.89
46,Theresa,Thomas,tthomas19@cbslocal.com,Female,151.99.121.228
142,Tina,Thompson,tthompson3x@slideshare.net,Female,179.32.214.251
223,Jacqueline,Torres,jtorres66@sbwire.com,Female,155.18.96.226
68,Jacqueline,Tucker,jtucker1v@vk.com,Female,27.75.153.101
54,Julie,Vasquez,jvasquez1h@ebay.com,Female,242.194.239.167
187,Elizabeth,Wagner,ewagner56@issuu.com,Female,67.72.93.206
96,Jose,Walker,jwalker2n@msu.edu,Male,238.220.71.227
184,Virginia,Walker,vwalker53@liveinternet.ru,Female,85.208.162.211
50,Henry,Wallace,hwallace1d@forbes.com,Male,126.170.241.219
43,Michelle,Wallace,mwallace16@jimdo.com,Female,208.40.150.9
78,Michelle,Wallace,mwallace25@chronoengine.com,Female,142.80.142.198
117,Roy,Watkins,rwatkins38@admin.ch,Male,60.150.20.67
244,Bruce,Watson,bwatson6r@constantcontact.com,Male,216.107.235.138
181,Aaron,Weaver,aweaver50@squidoo.com,Male,66.156.154.179
179,Albert,Weaver,aweaver4y@devhub.com,Male,26.184.208.206
235,Cynthia,Weaver,cweaver6i@foxnews.com,Female,33.223.142.226
193,Phyllis,Webb,pwebb5c@weather.com,Female,109.31.212.108
219,Cynthia,Welch,cwelch62@amazon.com,Female,55.124.40.176
119,Virginia,Welch,vwelch3a@soup.io,Female,18.23.225.108
171,Joyce,West,jwest4q@salon.com,Female,209.6.160.166
79,Brian,White,bwhite26@deliciousdays.com,Male,144.205.134.2
22,Rose,White,rwhitel@usatoday.com,Female,116.76.97.105
25,Frank,Williams,fwilliamso@t-online.de,Male,246.57.109.8
82,Debra,Williamson,dwilliamson29@multiply.com,Female,156.199.152.6
113,Larry,Wood,lwood34@prlog.org,Male,212.68.249.120
215,Pamela,Wood,pwood5y@sina.com.cn,Female,114.166.26.171
255,Terry,Wood,twood72@odnoklassniki.ru,Male,184.191.80.35
143,Earl,Woods,ewoods3y@si.edu,Male,246.87.2.146